path,bytes,sha256
external_baselines/POST_ICLR_INTEGRATION.md,4661,a41b9c7024eb32dd5c57e0af39aec675414930dc3de4113751b5adf52b2cf526
external_baselines/patches/c2m3_cpu_device.patch,598,8b3278fbe44419f177db18a6f890d213229756a4ef80524bc0910361c9fd404d
reports/post_iclr_official_baseline_report.md,3790,f3c30664ca23fb0db74465f7820dbd217fb586d981118ec90452447913fa54a8
reports/csv/post_iclr_official_baseline_runs.csv,125793,74fa86ed95204c58ea267e48353f0431528c33277ae06ecd6e339d4c6f68f0cd
reports/csv/post_iclr_official_baseline_summary.csv,2466,4fa9be5616d545088d800b223584d65ec3f6abe8d428fc4f85e78e212c42ed9e
reports/csv/post_iclr_baseline_regime_audit.csv,1476,70f8e90140f341864f5b6c643ddbce4419cf4478952809e1861d1789e607538d
reports/plots/post_iclr_official_baseline_deltas.pdf,15329,c6c13ddc07745b988bcb6b7b4c5980f434692fc591b3cfef894d0181301551b3
reports/tables/post_iclr_official_baseline.tex,389,7d763fc7cffe564784b22f6be4f47ec593add0565936b5151cab697c05c6ad9f
reports/configs/post_iclr_official_baseline_config.json,6524,d9b7812cc7c7ec6089f7746a73fee2e18e520e005bcb8f1c80174039a728435b
