draw,null_family,null_residual,setting_id,dataset,seed
0,matched_edge_topology_shuffle,0.16395836634497066,modelnet10_s0,ModelNet10,0
1,matched_edge_topology_shuffle,0.14843619777979522,modelnet10_s0,ModelNet10,0
2,matched_edge_topology_shuffle,0.15390405007065416,modelnet10_s0,ModelNet10,0
3,matched_edge_topology_shuffle,0.16752069115088866,modelnet10_s0,ModelNet10,0
4,matched_edge_topology_shuffle,0.18283845607734048,modelnet10_s0,ModelNet10,0
5,matched_edge_topology_shuffle,0.17865412563577907,modelnet10_s0,ModelNet10,0
6,matched_edge_topology_shuffle,0.1522075955804895,modelnet10_s0,ModelNet10,0
7,matched_edge_topology_shuffle,0.15360445447512577,modelnet10_s0,ModelNet10,0
8,matched_edge_topology_shuffle,0.1577865752726669,modelnet10_s0,ModelNet10,0
9,matched_edge_topology_shuffle,0.1506532153925557,modelnet10_s0,ModelNet10,0
10,matched_edge_topology_shuffle,0.15065321539255558,modelnet10_s0,ModelNet10,0
11,matched_edge_topology_shuffle,0.1876575829240412,modelnet10_s0,ModelNet10,0
12,matched_edge_topology_shuffle,0.16538364563055422,modelnet10_s0,ModelNet10,0
13,matched_edge_topology_shuffle,0.15765037271231314,modelnet10_s0,ModelNet10,0
14,matched_edge_topology_shuffle,0.1502117197913648,modelnet10_s0,ModelNet10,0
15,matched_edge_topology_shuffle,0.16160621108707884,modelnet10_s0,ModelNet10,0
16,matched_edge_topology_shuffle,0.180583079828381,modelnet10_s0,ModelNet10,0
17,matched_edge_topology_shuffle,0.15702325965994643,modelnet10_s0,ModelNet10,0
18,matched_edge_topology_shuffle,0.15946171274607787,modelnet10_s0,ModelNet10,0
19,matched_edge_topology_shuffle,0.16339865859868444,modelnet10_s0,ModelNet10,0
20,matched_edge_topology_shuffle,0.16743831830280298,modelnet10_s0,ModelNet10,0
21,matched_edge_topology_shuffle,0.1477774006003263,modelnet10_s0,ModelNet10,0
22,matched_edge_topology_shuffle,0.16688895632529582,modelnet10_s0,ModelNet10,0
23,matched_edge_topology_shuffle,0.15534620947624006,modelnet10_s0,ModelNet10,0
24,matched_edge_topology_shuffle,0.1527415660299332,modelnet10_s0,ModelNet10,0
25,matched_edge_topology_shuffle,0.15476215351588804,modelnet10_s0,ModelNet10,0
26,matched_edge_topology_shuffle,0.16461663834853743,modelnet10_s0,ModelNet10,0
27,matched_edge_topology_shuffle,0.16425322975202697,modelnet10_s0,ModelNet10,0
28,matched_edge_topology_shuffle,0.1765641115443795,modelnet10_s0,ModelNet10,0
29,matched_edge_topology_shuffle,0.17706148138504083,modelnet10_s0,ModelNet10,0
30,matched_edge_topology_shuffle,0.1651037475177392,modelnet10_s0,ModelNet10,0
31,matched_edge_topology_shuffle,0.16288805055019123,modelnet10_s0,ModelNet10,0
32,matched_edge_topology_shuffle,0.1821607598682046,modelnet10_s0,ModelNet10,0
33,matched_edge_topology_shuffle,0.16021001154250733,modelnet10_s0,ModelNet10,0
34,matched_edge_topology_shuffle,0.15334635804211286,modelnet10_s0,ModelNet10,0
35,matched_edge_topology_shuffle,0.16508305184492927,modelnet10_s0,ModelNet10,0
36,matched_edge_topology_shuffle,0.16553451243952708,modelnet10_s0,ModelNet10,0
37,matched_edge_topology_shuffle,0.1673431962145417,modelnet10_s0,ModelNet10,0
38,matched_edge_topology_shuffle,0.16007272565050315,modelnet10_s0,ModelNet10,0
39,matched_edge_topology_shuffle,0.2070406817982815,modelnet10_s0,ModelNet10,0
40,matched_edge_topology_shuffle,0.17434346203531714,modelnet10_s0,ModelNet10,0
41,matched_edge_topology_shuffle,0.14825418579122346,modelnet10_s0,ModelNet10,0
42,matched_edge_topology_shuffle,0.1767995250936622,modelnet10_s0,ModelNet10,0
43,matched_edge_topology_shuffle,0.16355083030642412,modelnet10_s0,ModelNet10,0
44,matched_edge_topology_shuffle,0.16531190657394582,modelnet10_s0,ModelNet10,0
45,matched_edge_topology_shuffle,0.1742318932090526,modelnet10_s0,ModelNet10,0
46,matched_edge_topology_shuffle,0.1619631268599919,modelnet10_s0,ModelNet10,0
47,matched_edge_topology_shuffle,0.14910448614249416,modelnet10_s0,ModelNet10,0
48,matched_edge_topology_shuffle,0.17982776324145305,modelnet10_s0,ModelNet10,0
49,matched_edge_topology_shuffle,0.1555121707551862,modelnet10_s0,ModelNet10,0
50,matched_edge_topology_shuffle,0.15260487358615982,modelnet10_s0,ModelNet10,0
51,matched_edge_topology_shuffle,0.1751714546836099,modelnet10_s0,ModelNet10,0
52,matched_edge_topology_shuffle,0.1695534744261759,modelnet10_s0,ModelNet10,0
53,matched_edge_topology_shuffle,0.16256319090394564,modelnet10_s0,ModelNet10,0
54,matched_edge_topology_shuffle,0.16359210702393798,modelnet10_s0,ModelNet10,0
55,matched_edge_topology_shuffle,0.14948109520384145,modelnet10_s0,ModelNet10,0
56,matched_edge_topology_shuffle,0.14826477371996447,modelnet10_s0,ModelNet10,0
57,matched_edge_topology_shuffle,0.16433840084638035,modelnet10_s0,ModelNet10,0
58,matched_edge_topology_shuffle,0.1664063156335279,modelnet10_s0,ModelNet10,0
59,matched_edge_topology_shuffle,0.1767360541578298,modelnet10_s0,ModelNet10,0
60,matched_edge_topology_shuffle,0.15059065422219473,modelnet10_s0,ModelNet10,0
61,matched_edge_topology_shuffle,0.14655043524243022,modelnet10_s0,ModelNet10,0
62,matched_edge_topology_shuffle,0.16689946846338138,modelnet10_s0,ModelNet10,0
63,matched_edge_topology_shuffle,0.16057663115997806,modelnet10_s0,ModelNet10,0
64,matched_edge_topology_shuffle,0.16250443654816574,modelnet10_s0,ModelNet10,0
65,matched_edge_topology_shuffle,0.15055499899945976,modelnet10_s0,ModelNet10,0
66,matched_edge_topology_shuffle,0.16092367326423632,modelnet10_s0,ModelNet10,0
67,matched_edge_topology_shuffle,0.15408670416581652,modelnet10_s0,ModelNet10,0
68,matched_edge_topology_shuffle,0.15024294687663048,modelnet10_s0,ModelNet10,0
69,matched_edge_topology_shuffle,0.15139686756606457,modelnet10_s0,ModelNet10,0
70,matched_edge_topology_shuffle,0.18192109666417808,modelnet10_s0,ModelNet10,0
71,matched_edge_topology_shuffle,0.16582209189606134,modelnet10_s0,ModelNet10,0
72,matched_edge_topology_shuffle,0.16877855099907052,modelnet10_s0,ModelNet10,0
73,matched_edge_topology_shuffle,0.1591990548874106,modelnet10_s0,ModelNet10,0
74,matched_edge_topology_shuffle,0.15494236440010634,modelnet10_s0,ModelNet10,0
75,matched_edge_topology_shuffle,0.18271142586698239,modelnet10_s0,ModelNet10,0
76,matched_edge_topology_shuffle,0.18883432100112704,modelnet10_s0,ModelNet10,0
77,matched_edge_topology_shuffle,0.15921304478383694,modelnet10_s0,ModelNet10,0
78,matched_edge_topology_shuffle,0.15419106905109997,modelnet10_s0,ModelNet10,0
79,matched_edge_topology_shuffle,0.17963572597291858,modelnet10_s0,ModelNet10,0
80,matched_edge_topology_shuffle,0.18165573985776373,modelnet10_s0,ModelNet10,0
81,matched_edge_topology_shuffle,0.1598698533557167,modelnet10_s0,ModelNet10,0
82,matched_edge_topology_shuffle,0.1467215070019619,modelnet10_s0,ModelNet10,0
83,matched_edge_topology_shuffle,0.1522075955804895,modelnet10_s0,ModelNet10,0
84,matched_edge_topology_shuffle,0.16934439427052048,modelnet10_s0,ModelNet10,0
85,matched_edge_topology_shuffle,0.17020147381784392,modelnet10_s0,ModelNet10,0
86,matched_edge_topology_shuffle,0.15963863863077846,modelnet10_s0,ModelNet10,0
87,matched_edge_topology_shuffle,0.14754107918754195,modelnet10_s0,ModelNet10,0
88,matched_edge_topology_shuffle,0.20505420584471656,modelnet10_s0,ModelNet10,0
89,matched_edge_topology_shuffle,0.18320800764768272,modelnet10_s0,ModelNet10,0
90,matched_edge_topology_shuffle,0.1578483125737728,modelnet10_s0,ModelNet10,0
91,matched_edge_topology_shuffle,0.1539296160532821,modelnet10_s0,ModelNet10,0
92,matched_edge_topology_shuffle,0.15901165740419013,modelnet10_s0,ModelNet10,0
93,matched_edge_topology_shuffle,0.17501526126905895,modelnet10_s0,ModelNet10,0
94,matched_edge_topology_shuffle,0.16638128394578444,modelnet10_s0,ModelNet10,0
95,matched_edge_topology_shuffle,0.15159518273579076,modelnet10_s0,ModelNet10,0
96,matched_edge_topology_shuffle,0.1746386578679774,modelnet10_s0,ModelNet10,0
97,matched_edge_topology_shuffle,0.18407584429480942,modelnet10_s0,ModelNet10,0
98,matched_edge_topology_shuffle,0.1644009418931703,modelnet10_s0,ModelNet10,0
99,matched_edge_topology_shuffle,0.18665968244303424,modelnet10_s0,ModelNet10,0
100,matched_edge_topology_shuffle,0.1455616270076807,modelnet10_s0,ModelNet10,0
101,matched_edge_topology_shuffle,0.17231837727731894,modelnet10_s0,ModelNet10,0
102,matched_edge_topology_shuffle,0.1766529215065094,modelnet10_s0,ModelNet10,0
103,matched_edge_topology_shuffle,0.19878844052819955,modelnet10_s0,ModelNet10,0
104,matched_edge_topology_shuffle,0.16887052682844717,modelnet10_s0,ModelNet10,0
105,matched_edge_topology_shuffle,0.16792104781127967,modelnet10_s0,ModelNet10,0
106,matched_edge_topology_shuffle,0.16769362373374638,modelnet10_s0,ModelNet10,0
107,matched_edge_topology_shuffle,0.1598802415454261,modelnet10_s0,ModelNet10,0
108,matched_edge_topology_shuffle,0.1540945028781169,modelnet10_s0,ModelNet10,0
109,matched_edge_topology_shuffle,0.14948109520384129,modelnet10_s0,ModelNet10,0
110,matched_edge_topology_shuffle,0.1506532153925555,modelnet10_s0,ModelNet10,0
111,matched_edge_topology_shuffle,0.16752915389706957,modelnet10_s0,ModelNet10,0
112,matched_edge_topology_shuffle,0.11055643452567296,modelnet10_s0,ModelNet10,0
113,matched_edge_topology_shuffle,0.20515414496529935,modelnet10_s0,ModelNet10,0
114,matched_edge_topology_shuffle,0.1539296160532821,modelnet10_s0,ModelNet10,0
115,matched_edge_topology_shuffle,0.17501526126905895,modelnet10_s0,ModelNet10,0
116,matched_edge_topology_shuffle,0.15334635804211302,modelnet10_s0,ModelNet10,0
117,matched_edge_topology_shuffle,0.15055499899945965,modelnet10_s0,ModelNet10,0
118,matched_edge_topology_shuffle,0.15161206848210088,modelnet10_s0,ModelNet10,0
119,matched_edge_topology_shuffle,0.15548336280094288,modelnet10_s0,ModelNet10,0
120,matched_edge_topology_shuffle,0.17877385421043573,modelnet10_s0,ModelNet10,0
121,matched_edge_topology_shuffle,0.14757557080441727,modelnet10_s0,ModelNet10,0
122,matched_edge_topology_shuffle,0.15700087141354988,modelnet10_s0,ModelNet10,0
123,matched_edge_topology_shuffle,0.14915140561401055,modelnet10_s0,ModelNet10,0
124,matched_edge_topology_shuffle,0.15289858762888328,modelnet10_s0,ModelNet10,0
125,matched_edge_topology_shuffle,0.17735440521724236,modelnet10_s0,ModelNet10,0
126,matched_edge_topology_shuffle,0.1569915019413257,modelnet10_s0,ModelNet10,0
127,matched_edge_topology_shuffle,0.1619631268599919,modelnet10_s0,ModelNet10,0
128,matched_edge_topology_shuffle,0.16123164728129588,modelnet10_s0,ModelNet10,0
129,matched_edge_topology_shuffle,0.16955347442617605,modelnet10_s0,ModelNet10,0
130,matched_edge_topology_shuffle,0.11055643452567304,modelnet10_s0,ModelNet10,0
131,matched_edge_topology_shuffle,0.16257088841712725,modelnet10_s0,ModelNet10,0
132,matched_edge_topology_shuffle,0.16567238768621112,modelnet10_s0,ModelNet10,0
133,matched_edge_topology_shuffle,0.1686431874052705,modelnet10_s0,ModelNet10,0
134,matched_edge_topology_shuffle,0.16665632273431077,modelnet10_s0,ModelNet10,0
135,matched_edge_topology_shuffle,0.15480464651427575,modelnet10_s0,ModelNet10,0
136,matched_edge_topology_shuffle,0.1673431962145417,modelnet10_s0,ModelNet10,0
137,matched_edge_topology_shuffle,0.1641543473060595,modelnet10_s0,ModelNet10,0
138,matched_edge_topology_shuffle,0.1602100115425082,modelnet10_s0,ModelNet10,0
139,matched_edge_topology_shuffle,0.17266225838484942,modelnet10_s0,ModelNet10,0
140,matched_edge_topology_shuffle,0.16456169118886513,modelnet10_s0,ModelNet10,0
141,matched_edge_topology_shuffle,0.14777740060032624,modelnet10_s0,ModelNet10,0
142,matched_edge_topology_shuffle,0.16210558254984564,modelnet10_s0,ModelNet10,0
143,matched_edge_topology_shuffle,0.18599091659165146,modelnet10_s0,ModelNet10,0
144,matched_edge_topology_shuffle,0.17763971720407304,modelnet10_s0,ModelNet10,0
145,matched_edge_topology_shuffle,0.15159518273579076,modelnet10_s0,ModelNet10,0
146,matched_edge_topology_shuffle,0.13515544060519263,modelnet10_s0,ModelNet10,0
147,matched_edge_topology_shuffle,0.16098509979288253,modelnet10_s0,ModelNet10,0
148,matched_edge_topology_shuffle,0.20025080815642948,modelnet10_s0,ModelNet10,0
149,matched_edge_topology_shuffle,0.16197259807028141,modelnet10_s0,ModelNet10,0
150,matched_edge_topology_shuffle,0.1671809301255461,modelnet10_s0,ModelNet10,0
151,matched_edge_topology_shuffle,0.15129500426447468,modelnet10_s0,ModelNet10,0
152,matched_edge_topology_shuffle,0.15357750853742666,modelnet10_s0,ModelNet10,0
153,matched_edge_topology_shuffle,0.17434346203531711,modelnet10_s0,ModelNet10,0
154,matched_edge_topology_shuffle,0.15449237806894678,modelnet10_s0,ModelNet10,0
155,matched_edge_topology_shuffle,0.15365141933392767,modelnet10_s0,ModelNet10,0
156,matched_edge_topology_shuffle,0.18481468408141521,modelnet10_s0,ModelNet10,0
157,matched_edge_topology_shuffle,0.15390405007065416,modelnet10_s0,ModelNet10,0
158,matched_edge_topology_shuffle,0.16143231321841817,modelnet10_s0,ModelNet10,0
159,matched_edge_topology_shuffle,0.16098509979288253,modelnet10_s0,ModelNet10,0
160,matched_edge_topology_shuffle,0.1342789690474509,modelnet10_s0,ModelNet10,0
161,matched_edge_topology_shuffle,0.16419814527547005,modelnet10_s0,ModelNet10,0
162,matched_edge_topology_shuffle,0.16300641915275121,modelnet10_s0,ModelNet10,0
163,matched_edge_topology_shuffle,0.16450581771077818,modelnet10_s0,ModelNet10,0
164,matched_edge_topology_shuffle,0.16204520878606046,modelnet10_s0,ModelNet10,0
165,matched_edge_topology_shuffle,0.1619237839793116,modelnet10_s0,ModelNet10,0
166,matched_edge_topology_shuffle,0.167693623733747,modelnet10_s0,ModelNet10,0
167,matched_edge_topology_shuffle,0.18135619942473005,modelnet10_s0,ModelNet10,0
168,matched_edge_topology_shuffle,0.1906491288630889,modelnet10_s0,ModelNet10,0
169,matched_edge_topology_shuffle,0.16118389006724418,modelnet10_s0,ModelNet10,0
170,matched_edge_topology_shuffle,0.15441139840612178,modelnet10_s0,ModelNet10,0
171,matched_edge_topology_shuffle,0.1858721560320532,modelnet10_s0,ModelNet10,0
172,matched_edge_topology_shuffle,0.20276584172538026,modelnet10_s0,ModelNet10,0
173,matched_edge_topology_shuffle,0.16548237023289875,modelnet10_s0,ModelNet10,0
174,matched_edge_topology_shuffle,0.16106530548018302,modelnet10_s0,ModelNet10,0
175,matched_edge_topology_shuffle,0.1479853060291167,modelnet10_s0,ModelNet10,0
176,matched_edge_topology_shuffle,0.15978818518767973,modelnet10_s0,ModelNet10,0
177,matched_edge_topology_shuffle,0.15390405007065416,modelnet10_s0,ModelNet10,0
178,matched_edge_topology_shuffle,0.15132552372448277,modelnet10_s0,ModelNet10,0
179,matched_edge_topology_shuffle,0.1593902149659287,modelnet10_s0,ModelNet10,0
180,matched_edge_topology_shuffle,0.15720045167420482,modelnet10_s0,ModelNet10,0
181,matched_edge_topology_shuffle,0.16410578326912983,modelnet10_s0,ModelNet10,0
182,matched_edge_topology_shuffle,0.15516114005236684,modelnet10_s0,ModelNet10,0
183,matched_edge_topology_shuffle,0.16014149743638664,modelnet10_s0,ModelNet10,0
184,matched_edge_topology_shuffle,0.16423376130787004,modelnet10_s0,ModelNet10,0
185,matched_edge_topology_shuffle,0.16967672820732305,modelnet10_s0,ModelNet10,0
186,matched_edge_topology_shuffle,0.1817983239347602,modelnet10_s0,ModelNet10,0
187,matched_edge_topology_shuffle,0.15125100786630644,modelnet10_s0,ModelNet10,0
188,matched_edge_topology_shuffle,0.13523302375777732,modelnet10_s0,ModelNet10,0
189,matched_edge_topology_shuffle,0.15659898104131903,modelnet10_s0,ModelNet10,0
190,matched_edge_topology_shuffle,0.16022250562347687,modelnet10_s0,ModelNet10,0
191,matched_edge_topology_shuffle,0.18051469041677798,modelnet10_s0,ModelNet10,0
192,matched_edge_topology_shuffle,0.14826477371996452,modelnet10_s0,ModelNet10,0
193,matched_edge_topology_shuffle,0.1818203655152629,modelnet10_s0,ModelNet10,0
194,matched_edge_topology_shuffle,0.15424367755441987,modelnet10_s0,ModelNet10,0
195,matched_edge_topology_shuffle,0.1494170948742118,modelnet10_s0,ModelNet10,0
196,matched_edge_topology_shuffle,0.110556434525673,modelnet10_s0,ModelNet10,0
197,matched_edge_topology_shuffle,0.16824285279219492,modelnet10_s0,ModelNet10,0
198,matched_edge_topology_shuffle,0.16523283327974367,modelnet10_s0,ModelNet10,0
199,matched_edge_topology_shuffle,0.17927382091752778,modelnet10_s0,ModelNet10,0
0,matched_edge_topology_shuffle,0.15078333919509704,modelnet10_s1,ModelNet10,1
1,matched_edge_topology_shuffle,0.14623587528304896,modelnet10_s1,ModelNet10,1
2,matched_edge_topology_shuffle,0.14456288521707494,modelnet10_s1,ModelNet10,1
3,matched_edge_topology_shuffle,0.15034397297951782,modelnet10_s1,ModelNet10,1
4,matched_edge_topology_shuffle,0.14905479253441437,modelnet10_s1,ModelNet10,1
5,matched_edge_topology_shuffle,0.1527095893171152,modelnet10_s1,ModelNet10,1
6,matched_edge_topology_shuffle,0.1456050226199559,modelnet10_s1,ModelNet10,1
7,matched_edge_topology_shuffle,0.14406833624442011,modelnet10_s1,ModelNet10,1
8,matched_edge_topology_shuffle,0.14686011333832552,modelnet10_s1,ModelNet10,1
9,matched_edge_topology_shuffle,0.11492442013224298,modelnet10_s1,ModelNet10,1
10,matched_edge_topology_shuffle,0.14945006370590502,modelnet10_s1,ModelNet10,1
11,matched_edge_topology_shuffle,0.1476012032557075,modelnet10_s1,ModelNet10,1
12,matched_edge_topology_shuffle,0.14800969491123667,modelnet10_s1,ModelNet10,1
13,matched_edge_topology_shuffle,0.14798093306859217,modelnet10_s1,ModelNet10,1
14,matched_edge_topology_shuffle,0.15185908450672608,modelnet10_s1,ModelNet10,1
15,matched_edge_topology_shuffle,0.14832940544881765,modelnet10_s1,ModelNet10,1
16,matched_edge_topology_shuffle,0.14897693202875123,modelnet10_s1,ModelNet10,1
17,matched_edge_topology_shuffle,0.1489769320287513,modelnet10_s1,ModelNet10,1
18,matched_edge_topology_shuffle,0.14802354816135338,modelnet10_s1,ModelNet10,1
19,matched_edge_topology_shuffle,0.1438074962752039,modelnet10_s1,ModelNet10,1
20,matched_edge_topology_shuffle,0.15086289914274137,modelnet10_s1,ModelNet10,1
21,matched_edge_topology_shuffle,0.14668290648951318,modelnet10_s1,ModelNet10,1
22,matched_edge_topology_shuffle,0.1461961822007208,modelnet10_s1,ModelNet10,1
23,matched_edge_topology_shuffle,0.14729400348191116,modelnet10_s1,ModelNet10,1
24,matched_edge_topology_shuffle,0.14830420430342262,modelnet10_s1,ModelNet10,1
25,matched_edge_topology_shuffle,0.14945006370590516,modelnet10_s1,ModelNet10,1
26,matched_edge_topology_shuffle,0.14973272385298114,modelnet10_s1,ModelNet10,1
27,matched_edge_topology_shuffle,0.14941735552338392,modelnet10_s1,ModelNet10,1
28,matched_edge_topology_shuffle,0.14777803300635195,modelnet10_s1,ModelNet10,1
29,matched_edge_topology_shuffle,0.151152460105371,modelnet10_s1,ModelNet10,1
30,matched_edge_topology_shuffle,0.15394308537138093,modelnet10_s1,ModelNet10,1
31,matched_edge_topology_shuffle,0.15394308537138093,modelnet10_s1,ModelNet10,1
32,matched_edge_topology_shuffle,0.14582800574436436,modelnet10_s1,ModelNet10,1
33,matched_edge_topology_shuffle,0.14905479253441437,modelnet10_s1,ModelNet10,1
34,matched_edge_topology_shuffle,0.15121929459209862,modelnet10_s1,ModelNet10,1
35,matched_edge_topology_shuffle,0.14920684813337368,modelnet10_s1,ModelNet10,1
36,matched_edge_topology_shuffle,0.14478353183742837,modelnet10_s1,ModelNet10,1
37,matched_edge_topology_shuffle,0.14556009983575183,modelnet10_s1,ModelNet10,1
38,matched_edge_topology_shuffle,0.15115246010537098,modelnet10_s1,ModelNet10,1
39,matched_edge_topology_shuffle,0.15603292615206,modelnet10_s1,ModelNet10,1
40,matched_edge_topology_shuffle,0.14619873036666461,modelnet10_s1,ModelNet10,1
41,matched_edge_topology_shuffle,0.1464100620423434,modelnet10_s1,ModelNet10,1
42,matched_edge_topology_shuffle,0.1486226220308579,modelnet10_s1,ModelNet10,1
43,matched_edge_topology_shuffle,0.14973272385298117,modelnet10_s1,ModelNet10,1
44,matched_edge_topology_shuffle,0.14525148617676206,modelnet10_s1,ModelNet10,1
45,matched_edge_topology_shuffle,0.14553190236876698,modelnet10_s1,ModelNet10,1
46,matched_edge_topology_shuffle,0.14658436131969269,modelnet10_s1,ModelNet10,1
47,matched_edge_topology_shuffle,0.14800969491123678,modelnet10_s1,ModelNet10,1
48,matched_edge_topology_shuffle,0.1505145793251031,modelnet10_s1,ModelNet10,1
49,matched_edge_topology_shuffle,0.1452154911022797,modelnet10_s1,ModelNet10,1
50,matched_edge_topology_shuffle,0.14456288521707483,modelnet10_s1,ModelNet10,1
51,matched_edge_topology_shuffle,0.14765105669121237,modelnet10_s1,ModelNet10,1
52,matched_edge_topology_shuffle,0.14884382662085177,modelnet10_s1,ModelNet10,1
53,matched_edge_topology_shuffle,0.14619975472922433,modelnet10_s1,ModelNet10,1
54,matched_edge_topology_shuffle,0.14975518234370752,modelnet10_s1,ModelNet10,1
55,matched_edge_topology_shuffle,0.14816419424580357,modelnet10_s1,ModelNet10,1
56,matched_edge_topology_shuffle,0.14801822713956095,modelnet10_s1,ModelNet10,1
57,matched_edge_topology_shuffle,0.11328313801307967,modelnet10_s1,ModelNet10,1
58,matched_edge_topology_shuffle,0.14807101287034397,modelnet10_s1,ModelNet10,1
59,matched_edge_topology_shuffle,0.14982918146036636,modelnet10_s1,ModelNet10,1
60,matched_edge_topology_shuffle,0.14905479253441437,modelnet10_s1,ModelNet10,1
61,matched_edge_topology_shuffle,0.14869866536454174,modelnet10_s1,ModelNet10,1
62,matched_edge_topology_shuffle,0.14777803300635203,modelnet10_s1,ModelNet10,1
63,matched_edge_topology_shuffle,0.14625401805533117,modelnet10_s1,ModelNet10,1
64,matched_edge_topology_shuffle,0.14592871662999718,modelnet10_s1,ModelNet10,1
65,matched_edge_topology_shuffle,0.14945006370590505,modelnet10_s1,ModelNet10,1
66,matched_edge_topology_shuffle,0.14573398041262545,modelnet10_s1,ModelNet10,1
67,matched_edge_topology_shuffle,0.14881769480510113,modelnet10_s1,ModelNet10,1
68,matched_edge_topology_shuffle,0.14599992155416036,modelnet10_s1,ModelNet10,1
69,matched_edge_topology_shuffle,0.1505145793251031,modelnet10_s1,ModelNet10,1
70,matched_edge_topology_shuffle,0.14869866536454174,modelnet10_s1,ModelNet10,1
71,matched_edge_topology_shuffle,0.14697684862675386,modelnet10_s1,ModelNet10,1
72,matched_edge_topology_shuffle,0.15086289914274137,modelnet10_s1,ModelNet10,1
73,matched_edge_topology_shuffle,0.11328313801307967,modelnet10_s1,ModelNet10,1
74,matched_edge_topology_shuffle,0.1455514557418098,modelnet10_s1,ModelNet10,1
75,matched_edge_topology_shuffle,0.15089602110657813,modelnet10_s1,ModelNet10,1
76,matched_edge_topology_shuffle,0.1476530620276568,modelnet10_s1,ModelNet10,1
77,matched_edge_topology_shuffle,0.14882129116797904,modelnet10_s1,ModelNet10,1
78,matched_edge_topology_shuffle,0.15603292615206005,modelnet10_s1,ModelNet10,1
79,matched_edge_topology_shuffle,0.14905479253441442,modelnet10_s1,ModelNet10,1
80,matched_edge_topology_shuffle,0.1459742434327444,modelnet10_s1,ModelNet10,1
81,matched_edge_topology_shuffle,0.14902036294353385,modelnet10_s1,ModelNet10,1
82,matched_edge_topology_shuffle,0.15060136858717313,modelnet10_s1,ModelNet10,1
83,matched_edge_topology_shuffle,0.1494500637059051,modelnet10_s1,ModelNet10,1
84,matched_edge_topology_shuffle,0.1462127963659603,modelnet10_s1,ModelNet10,1
85,matched_edge_topology_shuffle,0.14469074305584445,modelnet10_s1,ModelNet10,1
86,matched_edge_topology_shuffle,0.11973836857861186,modelnet10_s1,ModelNet10,1
87,matched_edge_topology_shuffle,0.12000321279566827,modelnet10_s1,ModelNet10,1
88,matched_edge_topology_shuffle,0.1560329261520599,modelnet10_s1,ModelNet10,1
89,matched_edge_topology_shuffle,0.14722159871473228,modelnet10_s1,ModelNet10,1
90,matched_edge_topology_shuffle,0.14765306202765666,modelnet10_s1,ModelNet10,1
91,matched_edge_topology_shuffle,0.11492442013224295,modelnet10_s1,ModelNet10,1
92,matched_edge_topology_shuffle,0.14639643008051342,modelnet10_s1,ModelNet10,1
93,matched_edge_topology_shuffle,0.14945006370590516,modelnet10_s1,ModelNet10,1
94,matched_edge_topology_shuffle,0.1518590845067261,modelnet10_s1,ModelNet10,1
95,matched_edge_topology_shuffle,0.14945006370590505,modelnet10_s1,ModelNet10,1
96,matched_edge_topology_shuffle,0.14455542867183913,modelnet10_s1,ModelNet10,1
97,matched_edge_topology_shuffle,0.15095856055265805,modelnet10_s1,ModelNet10,1
98,matched_edge_topology_shuffle,0.1478491661152888,modelnet10_s1,ModelNet10,1
99,matched_edge_topology_shuffle,0.11328313801307968,modelnet10_s1,ModelNet10,1
100,matched_edge_topology_shuffle,0.14897693202875126,modelnet10_s1,ModelNet10,1
101,matched_edge_topology_shuffle,0.14897693202875137,modelnet10_s1,ModelNet10,1
102,matched_edge_topology_shuffle,0.1457883714423136,modelnet10_s1,ModelNet10,1
103,matched_edge_topology_shuffle,0.15055101424410103,modelnet10_s1,ModelNet10,1
104,matched_edge_topology_shuffle,0.14762768769202764,modelnet10_s1,ModelNet10,1
105,matched_edge_topology_shuffle,0.14999048855992198,modelnet10_s1,ModelNet10,1
106,matched_edge_topology_shuffle,0.15095856055265805,modelnet10_s1,ModelNet10,1
107,matched_edge_topology_shuffle,0.14712854168758951,modelnet10_s1,ModelNet10,1
108,matched_edge_topology_shuffle,0.14455542867183901,modelnet10_s1,ModelNet10,1
109,matched_edge_topology_shuffle,0.151224446113317,modelnet10_s1,ModelNet10,1
110,matched_edge_topology_shuffle,0.15076783325455653,modelnet10_s1,ModelNet10,1
111,matched_edge_topology_shuffle,0.14673483549047864,modelnet10_s1,ModelNet10,1
112,matched_edge_topology_shuffle,0.14801822713956095,modelnet10_s1,ModelNet10,1
113,matched_edge_topology_shuffle,0.14800969491123678,modelnet10_s1,ModelNet10,1
114,matched_edge_topology_shuffle,0.14780254176242774,modelnet10_s1,ModelNet10,1
115,matched_edge_topology_shuffle,0.148160909651825,modelnet10_s1,ModelNet10,1
116,matched_edge_topology_shuffle,0.15181660787204773,modelnet10_s1,ModelNet10,1
117,matched_edge_topology_shuffle,0.149990488559922,modelnet10_s1,ModelNet10,1
118,matched_edge_topology_shuffle,0.14954337952280458,modelnet10_s1,ModelNet10,1
119,matched_edge_topology_shuffle,0.1470748749428326,modelnet10_s1,ModelNet10,1
120,matched_edge_topology_shuffle,0.1462820220781943,modelnet10_s1,ModelNet10,1
121,matched_edge_topology_shuffle,0.14792636457401362,modelnet10_s1,ModelNet10,1
122,matched_edge_topology_shuffle,0.15051457932510312,modelnet10_s1,ModelNet10,1
123,matched_edge_topology_shuffle,0.11964980051942038,modelnet10_s1,ModelNet10,1
124,matched_edge_topology_shuffle,0.15270958931711523,modelnet10_s1,ModelNet10,1
125,matched_edge_topology_shuffle,0.11492442013224295,modelnet10_s1,ModelNet10,1
126,matched_edge_topology_shuffle,0.110556434525673,modelnet10_s1,ModelNet10,1
127,matched_edge_topology_shuffle,0.1463144953807267,modelnet10_s1,ModelNet10,1
128,matched_edge_topology_shuffle,0.14854807954124508,modelnet10_s1,ModelNet10,1
129,matched_edge_topology_shuffle,0.14644704416530854,modelnet10_s1,ModelNet10,1
130,matched_edge_topology_shuffle,0.1474312227917778,modelnet10_s1,ModelNet10,1
131,matched_edge_topology_shuffle,0.14652370479035132,modelnet10_s1,ModelNet10,1
132,matched_edge_topology_shuffle,0.14802354816135344,modelnet10_s1,ModelNet10,1
133,matched_edge_topology_shuffle,0.14619618220072098,modelnet10_s1,ModelNet10,1
134,matched_edge_topology_shuffle,0.14884382662085185,modelnet10_s1,ModelNet10,1
135,matched_edge_topology_shuffle,0.14489642276817183,modelnet10_s1,ModelNet10,1
136,matched_edge_topology_shuffle,0.14743122279177776,modelnet10_s1,ModelNet10,1
137,matched_edge_topology_shuffle,0.14769635214303375,modelnet10_s1,ModelNet10,1
138,matched_edge_topology_shuffle,0.14622870098444288,modelnet10_s1,ModelNet10,1
139,matched_edge_topology_shuffle,0.14964760409942338,modelnet10_s1,ModelNet10,1
140,matched_edge_topology_shuffle,0.14800969491123672,modelnet10_s1,ModelNet10,1
141,matched_edge_topology_shuffle,0.14765913576010078,modelnet10_s1,ModelNet10,1
142,matched_edge_topology_shuffle,0.14651151260942238,modelnet10_s1,ModelNet10,1
143,matched_edge_topology_shuffle,0.1450883696176171,modelnet10_s1,ModelNet10,1
144,matched_edge_topology_shuffle,0.1466912262535617,modelnet10_s1,ModelNet10,1
145,matched_edge_topology_shuffle,0.14457573455483522,modelnet10_s1,ModelNet10,1
146,matched_edge_topology_shuffle,0.14608177716112994,modelnet10_s1,ModelNet10,1
147,matched_edge_topology_shuffle,0.14848874950142685,modelnet10_s1,ModelNet10,1
148,matched_edge_topology_shuffle,0.1527095893171152,modelnet10_s1,ModelNet10,1
149,matched_edge_topology_shuffle,0.14694456057410693,modelnet10_s1,ModelNet10,1
150,matched_edge_topology_shuffle,0.14991845186132144,modelnet10_s1,ModelNet10,1
151,matched_edge_topology_shuffle,0.14641006204234344,modelnet10_s1,ModelNet10,1
152,matched_edge_topology_shuffle,0.15034397297951782,modelnet10_s1,ModelNet10,1
153,matched_edge_topology_shuffle,0.15032303543578965,modelnet10_s1,ModelNet10,1
154,matched_edge_topology_shuffle,0.1463422700517277,modelnet10_s1,ModelNet10,1
155,matched_edge_topology_shuffle,0.14945006370590505,modelnet10_s1,ModelNet10,1
156,matched_edge_topology_shuffle,0.14875177593870054,modelnet10_s1,ModelNet10,1
157,matched_edge_topology_shuffle,0.15270958931711515,modelnet10_s1,ModelNet10,1
158,matched_edge_topology_shuffle,0.1494500637059052,modelnet10_s1,ModelNet10,1
159,matched_edge_topology_shuffle,0.11055643452567303,modelnet10_s1,ModelNet10,1
160,matched_edge_topology_shuffle,0.1483220695066886,modelnet10_s1,ModelNet10,1
161,matched_edge_topology_shuffle,0.14957095726934425,modelnet10_s1,ModelNet10,1
162,matched_edge_topology_shuffle,0.15078333919509695,modelnet10_s1,ModelNet10,1
163,matched_edge_topology_shuffle,0.14640683380975847,modelnet10_s1,ModelNet10,1
164,matched_edge_topology_shuffle,0.15032303543578965,modelnet10_s1,ModelNet10,1
165,matched_edge_topology_shuffle,0.1519058671589275,modelnet10_s1,ModelNet10,1
166,matched_edge_topology_shuffle,0.15060136858717307,modelnet10_s1,ModelNet10,1
167,matched_edge_topology_shuffle,0.152946639138959,modelnet10_s1,ModelNet10,1
168,matched_edge_topology_shuffle,0.14945006370590516,modelnet10_s1,ModelNet10,1
169,matched_edge_topology_shuffle,0.14798093306859222,modelnet10_s1,ModelNet10,1
170,matched_edge_topology_shuffle,0.15089602110657813,modelnet10_s1,ModelNet10,1
171,matched_edge_topology_shuffle,0.1451010011292858,modelnet10_s1,ModelNet10,1
172,matched_edge_topology_shuffle,0.14944110871055896,modelnet10_s1,ModelNet10,1
173,matched_edge_topology_shuffle,0.151224446113317,modelnet10_s1,ModelNet10,1
174,matched_edge_topology_shuffle,0.14609060201441706,modelnet10_s1,ModelNet10,1
175,matched_edge_topology_shuffle,0.14892667480300867,modelnet10_s1,ModelNet10,1
176,matched_edge_topology_shuffle,0.15147868127312022,modelnet10_s1,ModelNet10,1
177,matched_edge_topology_shuffle,0.14832940544881773,modelnet10_s1,ModelNet10,1
178,matched_edge_topology_shuffle,0.14869866536454174,modelnet10_s1,ModelNet10,1
179,matched_edge_topology_shuffle,0.14884382662085177,modelnet10_s1,ModelNet10,1
180,matched_edge_topology_shuffle,0.1448355416522696,modelnet10_s1,ModelNet10,1
181,matched_edge_topology_shuffle,0.14510100112928584,modelnet10_s1,ModelNet10,1
182,matched_edge_topology_shuffle,0.14651151260942227,modelnet10_s1,ModelNet10,1
183,matched_edge_topology_shuffle,0.153943085371381,modelnet10_s1,ModelNet10,1
184,matched_edge_topology_shuffle,0.15051457932510312,modelnet10_s1,ModelNet10,1
185,matched_edge_topology_shuffle,0.14790901701628537,modelnet10_s1,ModelNet10,1
186,matched_edge_topology_shuffle,0.1527095893171152,modelnet10_s1,ModelNet10,1
187,matched_edge_topology_shuffle,0.14991845186132133,modelnet10_s1,ModelNet10,1
188,matched_edge_topology_shuffle,0.152946639138959,modelnet10_s1,ModelNet10,1
189,matched_edge_topology_shuffle,0.14802354816135344,modelnet10_s1,ModelNet10,1
190,matched_edge_topology_shuffle,0.14777803300635192,modelnet10_s1,ModelNet10,1
191,matched_edge_topology_shuffle,0.14945006370590513,modelnet10_s1,ModelNet10,1
192,matched_edge_topology_shuffle,0.1519058671589276,modelnet10_s1,ModelNet10,1
193,matched_edge_topology_shuffle,0.14434251489920086,modelnet10_s1,ModelNet10,1
194,matched_edge_topology_shuffle,0.14945006370590502,modelnet10_s1,ModelNet10,1
195,matched_edge_topology_shuffle,0.14945006370590505,modelnet10_s1,ModelNet10,1
196,matched_edge_topology_shuffle,0.146235875283049,modelnet10_s1,ModelNet10,1
197,matched_edge_topology_shuffle,0.15203762251489167,modelnet10_s1,ModelNet10,1
198,matched_edge_topology_shuffle,0.1466912262535617,modelnet10_s1,ModelNet10,1
199,matched_edge_topology_shuffle,0.14636817106769304,modelnet10_s1,ModelNet10,1
0,matched_edge_topology_shuffle,0.14775976209734376,modelnet10_s2,ModelNet10,2
1,matched_edge_topology_shuffle,0.14194847288095713,modelnet10_s2,ModelNet10,2
2,matched_edge_topology_shuffle,0.15385339830179856,modelnet10_s2,ModelNet10,2
3,matched_edge_topology_shuffle,0.15415886165628345,modelnet10_s2,ModelNet10,2
4,matched_edge_topology_shuffle,0.15165597457014354,modelnet10_s2,ModelNet10,2
5,matched_edge_topology_shuffle,0.14834302675239214,modelnet10_s2,ModelNet10,2
6,matched_edge_topology_shuffle,0.15415886165628345,modelnet10_s2,ModelNet10,2
7,matched_edge_topology_shuffle,0.14777039120285906,modelnet10_s2,ModelNet10,2
8,matched_edge_topology_shuffle,0.1502922794719035,modelnet10_s2,ModelNet10,2
9,matched_edge_topology_shuffle,0.1471429602312869,modelnet10_s2,ModelNet10,2
10,matched_edge_topology_shuffle,0.15029227947190332,modelnet10_s2,ModelNet10,2
11,matched_edge_topology_shuffle,0.14503603912699164,modelnet10_s2,ModelNet10,2
12,matched_edge_topology_shuffle,0.14299737207600816,modelnet10_s2,ModelNet10,2
13,matched_edge_topology_shuffle,0.14565327671707318,modelnet10_s2,ModelNet10,2
14,matched_edge_topology_shuffle,0.14722717908582028,modelnet10_s2,ModelNet10,2
15,matched_edge_topology_shuffle,0.1507298278933203,modelnet10_s2,ModelNet10,2
16,matched_edge_topology_shuffle,0.15091202574302826,modelnet10_s2,ModelNet10,2
17,matched_edge_topology_shuffle,0.15415886165628348,modelnet10_s2,ModelNet10,2
18,matched_edge_topology_shuffle,0.14632179124275135,modelnet10_s2,ModelNet10,2
19,matched_edge_topology_shuffle,0.1463217912427514,modelnet10_s2,ModelNet10,2
20,matched_edge_topology_shuffle,0.11900474231986295,modelnet10_s2,ModelNet10,2
21,matched_edge_topology_shuffle,0.14850750260380793,modelnet10_s2,ModelNet10,2
22,matched_edge_topology_shuffle,0.14822423439923277,modelnet10_s2,ModelNet10,2
23,matched_edge_topology_shuffle,0.1508380667812955,modelnet10_s2,ModelNet10,2
24,matched_edge_topology_shuffle,0.15072982789332048,modelnet10_s2,ModelNet10,2
25,matched_edge_topology_shuffle,0.15060373179052217,modelnet10_s2,ModelNet10,2
26,matched_edge_topology_shuffle,0.14898236873051987,modelnet10_s2,ModelNet10,2
27,matched_edge_topology_shuffle,0.14395254326086812,modelnet10_s2,ModelNet10,2
28,matched_edge_topology_shuffle,0.14472641900848798,modelnet10_s2,ModelNet10,2
29,matched_edge_topology_shuffle,0.1452123026006415,modelnet10_s2,ModelNet10,2
30,matched_edge_topology_shuffle,0.15208962926209685,modelnet10_s2,ModelNet10,2
31,matched_edge_topology_shuffle,0.1510654902935457,modelnet10_s2,ModelNet10,2
32,matched_edge_topology_shuffle,0.15068558460655437,modelnet10_s2,ModelNet10,2
33,matched_edge_topology_shuffle,0.14472641900848798,modelnet10_s2,ModelNet10,2
34,matched_edge_topology_shuffle,0.14841572746502182,modelnet10_s2,ModelNet10,2
35,matched_edge_topology_shuffle,0.1459145097666141,modelnet10_s2,ModelNet10,2
36,matched_edge_topology_shuffle,0.14565327671707312,modelnet10_s2,ModelNet10,2
37,matched_edge_topology_shuffle,0.15302110209280853,modelnet10_s2,ModelNet10,2
38,matched_edge_topology_shuffle,0.14758675159690565,modelnet10_s2,ModelNet10,2
39,matched_edge_topology_shuffle,0.15415886165628345,modelnet10_s2,ModelNet10,2
40,matched_edge_topology_shuffle,0.1446987715366407,modelnet10_s2,ModelNet10,2
41,matched_edge_topology_shuffle,0.15208962926209696,modelnet10_s2,ModelNet10,2
42,matched_edge_topology_shuffle,0.14475111651903955,modelnet10_s2,ModelNet10,2
43,matched_edge_topology_shuffle,0.14714296023128698,modelnet10_s2,ModelNet10,2
44,matched_edge_topology_shuffle,0.1473036098300243,modelnet10_s2,ModelNet10,2
45,matched_edge_topology_shuffle,0.14681564429099342,modelnet10_s2,ModelNet10,2
46,matched_edge_topology_shuffle,0.14841472039029197,modelnet10_s2,ModelNet10,2
47,matched_edge_topology_shuffle,0.14790286053579318,modelnet10_s2,ModelNet10,2
48,matched_edge_topology_shuffle,0.1471429602312869,modelnet10_s2,ModelNet10,2
49,matched_edge_topology_shuffle,0.15129766515092666,modelnet10_s2,ModelNet10,2
50,matched_edge_topology_shuffle,0.14621593194342622,modelnet10_s2,ModelNet10,2
51,matched_edge_topology_shuffle,0.15129766515092674,modelnet10_s2,ModelNet10,2
52,matched_edge_topology_shuffle,0.14972017685643027,modelnet10_s2,ModelNet10,2
53,matched_edge_topology_shuffle,0.14858396239197763,modelnet10_s2,ModelNet10,2
54,matched_edge_topology_shuffle,0.15208962926209685,modelnet10_s2,ModelNet10,2
55,matched_edge_topology_shuffle,0.1507254244316109,modelnet10_s2,ModelNet10,2
56,matched_edge_topology_shuffle,0.15129766515092666,modelnet10_s2,ModelNet10,2
57,matched_edge_topology_shuffle,0.1483318586172974,modelnet10_s2,ModelNet10,2
58,matched_edge_topology_shuffle,0.14814109087178876,modelnet10_s2,ModelNet10,2
59,matched_edge_topology_shuffle,0.1482894373831901,modelnet10_s2,ModelNet10,2
60,matched_edge_topology_shuffle,0.1445485719867591,modelnet10_s2,ModelNet10,2
61,matched_edge_topology_shuffle,0.15091202574302823,modelnet10_s2,ModelNet10,2
62,matched_edge_topology_shuffle,0.14963833693748382,modelnet10_s2,ModelNet10,2
63,matched_edge_topology_shuffle,0.14886379437501687,modelnet10_s2,ModelNet10,2
64,matched_edge_topology_shuffle,0.14621593194342622,modelnet10_s2,ModelNet10,2
65,matched_edge_topology_shuffle,0.14833185861729753,modelnet10_s2,ModelNet10,2
66,matched_edge_topology_shuffle,0.11055643452567299,modelnet10_s2,ModelNet10,2
67,matched_edge_topology_shuffle,0.14763102362360966,modelnet10_s2,ModelNet10,2
68,matched_edge_topology_shuffle,0.14728384046747942,modelnet10_s2,ModelNet10,2
69,matched_edge_topology_shuffle,0.14728349978693134,modelnet10_s2,ModelNet10,2
70,matched_edge_topology_shuffle,0.14495011562685042,modelnet10_s2,ModelNet10,2
71,matched_edge_topology_shuffle,0.14828943738319006,modelnet10_s2,ModelNet10,2
72,matched_edge_topology_shuffle,0.14814345933048442,modelnet10_s2,ModelNet10,2
73,matched_edge_topology_shuffle,0.15007713534679273,modelnet10_s2,ModelNet10,2
74,matched_edge_topology_shuffle,0.1459896938926299,modelnet10_s2,ModelNet10,2
75,matched_edge_topology_shuffle,0.14258617835829746,modelnet10_s2,ModelNet10,2
76,matched_edge_topology_shuffle,0.15208962926209693,modelnet10_s2,ModelNet10,2
77,matched_edge_topology_shuffle,0.15165597457014357,modelnet10_s2,ModelNet10,2
78,matched_edge_topology_shuffle,0.14533119181106888,modelnet10_s2,ModelNet10,2
79,matched_edge_topology_shuffle,0.14841472039029197,modelnet10_s2,ModelNet10,2
80,matched_edge_topology_shuffle,0.15124128898445252,modelnet10_s2,ModelNet10,2
81,matched_edge_topology_shuffle,0.14877678176969517,modelnet10_s2,ModelNet10,2
82,matched_edge_topology_shuffle,0.14763102362360966,modelnet10_s2,ModelNet10,2
83,matched_edge_topology_shuffle,0.15072982789332026,modelnet10_s2,ModelNet10,2
84,matched_edge_topology_shuffle,0.1442561538647562,modelnet10_s2,ModelNet10,2
85,matched_edge_topology_shuffle,0.14411947906053119,modelnet10_s2,ModelNet10,2
86,matched_edge_topology_shuffle,0.14417625555941077,modelnet10_s2,ModelNet10,2
87,matched_edge_topology_shuffle,0.1483430267523921,modelnet10_s2,ModelNet10,2
88,matched_edge_topology_shuffle,0.11055643452567299,modelnet10_s2,ModelNet10,2
89,matched_edge_topology_shuffle,0.14704090118743895,modelnet10_s2,ModelNet10,2
90,matched_edge_topology_shuffle,0.15010517921506325,modelnet10_s2,ModelNet10,2
91,matched_edge_topology_shuffle,0.14601887208829464,modelnet10_s2,ModelNet10,2
92,matched_edge_topology_shuffle,0.14494112435425285,modelnet10_s2,ModelNet10,2
93,matched_edge_topology_shuffle,0.15263424988668045,modelnet10_s2,ModelNet10,2
94,matched_edge_topology_shuffle,0.14767021395737934,modelnet10_s2,ModelNet10,2
95,matched_edge_topology_shuffle,0.15213221820023948,modelnet10_s2,ModelNet10,2
96,matched_edge_topology_shuffle,0.1471429602312869,modelnet10_s2,ModelNet10,2
97,matched_edge_topology_shuffle,0.14806705807391146,modelnet10_s2,ModelNet10,2
98,matched_edge_topology_shuffle,0.14617696005242023,modelnet10_s2,ModelNet10,2
99,matched_edge_topology_shuffle,0.1508293546321269,modelnet10_s2,ModelNet10,2
100,matched_edge_topology_shuffle,0.1508380667812954,modelnet10_s2,ModelNet10,2
101,matched_edge_topology_shuffle,0.15060373179052225,modelnet10_s2,ModelNet10,2
102,matched_edge_topology_shuffle,0.14886290698639312,modelnet10_s2,ModelNet10,2
103,matched_edge_topology_shuffle,0.14609010761149074,modelnet10_s2,ModelNet10,2
104,matched_edge_topology_shuffle,0.14831427017461413,modelnet10_s2,ModelNet10,2
105,matched_edge_topology_shuffle,0.1538533983017986,modelnet10_s2,ModelNet10,2
106,matched_edge_topology_shuffle,0.14361858172512337,modelnet10_s2,ModelNet10,2
107,matched_edge_topology_shuffle,0.15007713534679265,modelnet10_s2,ModelNet10,2
108,matched_edge_topology_shuffle,0.14650702909063265,modelnet10_s2,ModelNet10,2
109,matched_edge_topology_shuffle,0.14862523178578782,modelnet10_s2,ModelNet10,2
110,matched_edge_topology_shuffle,0.1507298278933205,modelnet10_s2,ModelNet10,2
111,matched_edge_topology_shuffle,0.14343586170171532,modelnet10_s2,ModelNet10,2
112,matched_edge_topology_shuffle,0.14803638517844434,modelnet10_s2,ModelNet10,2
113,matched_edge_topology_shuffle,0.1507254244316109,modelnet10_s2,ModelNet10,2
114,matched_edge_topology_shuffle,0.14917680946183862,modelnet10_s2,ModelNet10,2
115,matched_edge_topology_shuffle,0.14803638517844434,modelnet10_s2,ModelNet10,2
116,matched_edge_topology_shuffle,0.11352953214438329,modelnet10_s2,ModelNet10,2
117,matched_edge_topology_shuffle,0.14763102362360964,modelnet10_s2,ModelNet10,2
118,matched_edge_topology_shuffle,0.14876404068868887,modelnet10_s2,ModelNet10,2
119,matched_edge_topology_shuffle,0.14533494155260349,modelnet10_s2,ModelNet10,2
120,matched_edge_topology_shuffle,0.14505113760934887,modelnet10_s2,ModelNet10,2
121,matched_edge_topology_shuffle,0.14770356314394137,modelnet10_s2,ModelNet10,2
122,matched_edge_topology_shuffle,0.14503603912699164,modelnet10_s2,ModelNet10,2
123,matched_edge_topology_shuffle,0.15385339830179862,modelnet10_s2,ModelNet10,2
124,matched_edge_topology_shuffle,0.1459271890469645,modelnet10_s2,ModelNet10,2
125,matched_edge_topology_shuffle,0.1507298278933205,modelnet10_s2,ModelNet10,2
126,matched_edge_topology_shuffle,0.14875809514141144,modelnet10_s2,ModelNet10,2
127,matched_edge_topology_shuffle,0.14621593194342633,modelnet10_s2,ModelNet10,2
128,matched_edge_topology_shuffle,0.14437038042150135,modelnet10_s2,ModelNet10,2
129,matched_edge_topology_shuffle,0.15072982789332037,modelnet10_s2,ModelNet10,2
130,matched_edge_topology_shuffle,0.14808251960409818,modelnet10_s2,ModelNet10,2
131,matched_edge_topology_shuffle,0.14738519155053337,modelnet10_s2,ModelNet10,2
132,matched_edge_topology_shuffle,0.14552020359466925,modelnet10_s2,ModelNet10,2
133,matched_edge_topology_shuffle,0.15101572827698445,modelnet10_s2,ModelNet10,2
134,matched_edge_topology_shuffle,0.1461559634977532,modelnet10_s2,ModelNet10,2
135,matched_edge_topology_shuffle,0.14407748685929042,modelnet10_s2,ModelNet10,2
136,matched_edge_topology_shuffle,0.14850750260380793,modelnet10_s2,ModelNet10,2
137,matched_edge_topology_shuffle,0.153976366663646,modelnet10_s2,ModelNet10,2
138,matched_edge_topology_shuffle,0.14860901785281883,modelnet10_s2,ModelNet10,2
139,matched_edge_topology_shuffle,0.14826958411127186,modelnet10_s2,ModelNet10,2
140,matched_edge_topology_shuffle,0.15385339830179853,modelnet10_s2,ModelNet10,2
141,matched_edge_topology_shuffle,0.145537251026404,modelnet10_s2,ModelNet10,2
142,matched_edge_topology_shuffle,0.1526342498866805,modelnet10_s2,ModelNet10,2
143,matched_edge_topology_shuffle,0.14862523178578782,modelnet10_s2,ModelNet10,2
144,matched_edge_topology_shuffle,0.14873838980818363,modelnet10_s2,ModelNet10,2
145,matched_edge_topology_shuffle,0.14968963154273945,modelnet10_s2,ModelNet10,2
146,matched_edge_topology_shuffle,0.15208962926209693,modelnet10_s2,ModelNet10,2
147,matched_edge_topology_shuffle,0.15106549029354566,modelnet10_s2,ModelNet10,2
148,matched_edge_topology_shuffle,0.1458906860089568,modelnet10_s2,ModelNet10,2
149,matched_edge_topology_shuffle,0.14873838980818363,modelnet10_s2,ModelNet10,2
150,matched_edge_topology_shuffle,0.14730356898358046,modelnet10_s2,ModelNet10,2
151,matched_edge_topology_shuffle,0.14527007712213522,modelnet10_s2,ModelNet10,2
152,matched_edge_topology_shuffle,0.1499374386450528,modelnet10_s2,ModelNet10,2
153,matched_edge_topology_shuffle,0.15124128898445252,modelnet10_s2,ModelNet10,2
154,matched_edge_topology_shuffle,0.1467579188396228,modelnet10_s2,ModelNet10,2
155,matched_edge_topology_shuffle,0.1443044755550616,modelnet10_s2,ModelNet10,2
156,matched_edge_topology_shuffle,0.14621593194342633,modelnet10_s2,ModelNet10,2
157,matched_edge_topology_shuffle,0.14581591390275456,modelnet10_s2,ModelNet10,2
158,matched_edge_topology_shuffle,0.15029227947190354,modelnet10_s2,ModelNet10,2
159,matched_edge_topology_shuffle,0.11352953214438337,modelnet10_s2,ModelNet10,2
160,matched_edge_topology_shuffle,0.14409512412125783,modelnet10_s2,ModelNet10,2
161,matched_edge_topology_shuffle,0.14886290698639312,modelnet10_s2,ModelNet10,2
162,matched_edge_topology_shuffle,0.14898236873051973,modelnet10_s2,ModelNet10,2
163,matched_edge_topology_shuffle,0.1419484728809572,modelnet10_s2,ModelNet10,2
164,matched_edge_topology_shuffle,0.15060317696547196,modelnet10_s2,ModelNet10,2
165,matched_edge_topology_shuffle,0.1492436419802841,modelnet10_s2,ModelNet10,2
166,matched_edge_topology_shuffle,0.14475111651903935,modelnet10_s2,ModelNet10,2
167,matched_edge_topology_shuffle,0.14858396239197758,modelnet10_s2,ModelNet10,2
168,matched_edge_topology_shuffle,0.14421821586440353,modelnet10_s2,ModelNet10,2
169,matched_edge_topology_shuffle,0.1147785361785526,modelnet10_s2,ModelNet10,2
170,matched_edge_topology_shuffle,0.1482090703401452,modelnet10_s2,ModelNet10,2
171,matched_edge_topology_shuffle,0.15029227947190332,modelnet10_s2,ModelNet10,2
172,matched_edge_topology_shuffle,0.15213221820023945,modelnet10_s2,ModelNet10,2
173,matched_edge_topology_shuffle,0.1500724238080576,modelnet10_s2,ModelNet10,2
174,matched_edge_topology_shuffle,0.1505918547254027,modelnet10_s2,ModelNet10,2
175,matched_edge_topology_shuffle,0.14263134916004908,modelnet10_s2,ModelNet10,2
176,matched_edge_topology_shuffle,0.1493863455837435,modelnet10_s2,ModelNet10,2
177,matched_edge_topology_shuffle,0.1147785361785526,modelnet10_s2,ModelNet10,2
178,matched_edge_topology_shuffle,0.11055643452567299,modelnet10_s2,ModelNet10,2
179,matched_edge_topology_shuffle,0.14472013964294392,modelnet10_s2,ModelNet10,2
180,matched_edge_topology_shuffle,0.15263424988668042,modelnet10_s2,ModelNet10,2
181,matched_edge_topology_shuffle,0.14751783171122926,modelnet10_s2,ModelNet10,2
182,matched_edge_topology_shuffle,0.11055643452567304,modelnet10_s2,ModelNet10,2
183,matched_edge_topology_shuffle,0.14751783171122917,modelnet10_s2,ModelNet10,2
184,matched_edge_topology_shuffle,0.14454857198675924,modelnet10_s2,ModelNet10,2
185,matched_edge_topology_shuffle,0.1507298278933203,modelnet10_s2,ModelNet10,2
186,matched_edge_topology_shuffle,0.14751822447123403,modelnet10_s2,ModelNet10,2
187,matched_edge_topology_shuffle,0.14977932707927655,modelnet10_s2,ModelNet10,2
188,matched_edge_topology_shuffle,0.14686742750644421,modelnet10_s2,ModelNet10,2
189,matched_edge_topology_shuffle,0.1467855921549705,modelnet10_s2,ModelNet10,2
190,matched_edge_topology_shuffle,0.15013499724300775,modelnet10_s2,ModelNet10,2
191,matched_edge_topology_shuffle,0.14342955054422915,modelnet10_s2,ModelNet10,2
192,matched_edge_topology_shuffle,0.15007713534679265,modelnet10_s2,ModelNet10,2
193,matched_edge_topology_shuffle,0.14775976209734404,modelnet10_s2,ModelNet10,2
194,matched_edge_topology_shuffle,0.14741068071451827,modelnet10_s2,ModelNet10,2
195,matched_edge_topology_shuffle,0.15165597457014357,modelnet10_s2,ModelNet10,2
196,matched_edge_topology_shuffle,0.15028758177810508,modelnet10_s2,ModelNet10,2
197,matched_edge_topology_shuffle,0.1449565904365189,modelnet10_s2,ModelNet10,2
198,matched_edge_topology_shuffle,0.1538533983017986,modelnet10_s2,ModelNet10,2
199,matched_edge_topology_shuffle,0.11477853617855256,modelnet10_s2,ModelNet10,2
0,matched_edge_topology_shuffle,0.15134700958758987,modelnet10_s3,ModelNet10,3
1,matched_edge_topology_shuffle,0.14746110355783756,modelnet10_s3,ModelNet10,3
2,matched_edge_topology_shuffle,0.14689407087184336,modelnet10_s3,ModelNet10,3
3,matched_edge_topology_shuffle,0.14911449136874083,modelnet10_s3,ModelNet10,3
4,matched_edge_topology_shuffle,0.14543513302155878,modelnet10_s3,ModelNet10,3
5,matched_edge_topology_shuffle,0.14669786030663645,modelnet10_s3,ModelNet10,3
6,matched_edge_topology_shuffle,0.11055643452567303,modelnet10_s3,ModelNet10,3
7,matched_edge_topology_shuffle,0.14686082006965892,modelnet10_s3,ModelNet10,3
8,matched_edge_topology_shuffle,0.14887594680754376,modelnet10_s3,ModelNet10,3
9,matched_edge_topology_shuffle,0.11055643452567304,modelnet10_s3,ModelNet10,3
10,matched_edge_topology_shuffle,0.1479859224258626,modelnet10_s3,ModelNet10,3
11,matched_edge_topology_shuffle,0.1443686423431016,modelnet10_s3,ModelNet10,3
12,matched_edge_topology_shuffle,0.1462423952914898,modelnet10_s3,ModelNet10,3
13,matched_edge_topology_shuffle,0.14488716611581973,modelnet10_s3,ModelNet10,3
14,matched_edge_topology_shuffle,0.1486879066233166,modelnet10_s3,ModelNet10,3
15,matched_edge_topology_shuffle,0.14772988771371173,modelnet10_s3,ModelNet10,3
16,matched_edge_topology_shuffle,0.15134700958758981,modelnet10_s3,ModelNet10,3
17,matched_edge_topology_shuffle,0.14640604179139258,modelnet10_s3,ModelNet10,3
18,matched_edge_topology_shuffle,0.1457841054562791,modelnet10_s3,ModelNet10,3
19,matched_edge_topology_shuffle,0.14236462473508538,modelnet10_s3,ModelNet10,3
20,matched_edge_topology_shuffle,0.14644155835833847,modelnet10_s3,ModelNet10,3
21,matched_edge_topology_shuffle,0.15033345346244936,modelnet10_s3,ModelNet10,3
22,matched_edge_topology_shuffle,0.14896694897221094,modelnet10_s3,ModelNet10,3
23,matched_edge_topology_shuffle,0.14322113252603969,modelnet10_s3,ModelNet10,3
24,matched_edge_topology_shuffle,0.14839584060674377,modelnet10_s3,ModelNet10,3
25,matched_edge_topology_shuffle,0.1479859224258623,modelnet10_s3,ModelNet10,3
26,matched_edge_topology_shuffle,0.1463237304734443,modelnet10_s3,ModelNet10,3
27,matched_edge_topology_shuffle,0.15033345346244945,modelnet10_s3,ModelNet10,3
28,matched_edge_topology_shuffle,0.1474611035578375,modelnet10_s3,ModelNet10,3
29,matched_edge_topology_shuffle,0.14652702763161266,modelnet10_s3,ModelNet10,3
30,matched_edge_topology_shuffle,0.14737483658275122,modelnet10_s3,ModelNet10,3
31,matched_edge_topology_shuffle,0.11055643452567303,modelnet10_s3,ModelNet10,3
32,matched_edge_topology_shuffle,0.14331026015049292,modelnet10_s3,ModelNet10,3
33,matched_edge_topology_shuffle,0.14276489482976815,modelnet10_s3,ModelNet10,3
34,matched_edge_topology_shuffle,0.15037974476303215,modelnet10_s3,ModelNet10,3
35,matched_edge_topology_shuffle,0.14669786030663645,modelnet10_s3,ModelNet10,3
36,matched_edge_topology_shuffle,0.14653124653371996,modelnet10_s3,ModelNet10,3
37,matched_edge_topology_shuffle,0.14885573036039537,modelnet10_s3,ModelNet10,3
38,matched_edge_topology_shuffle,0.14715226945121715,modelnet10_s3,ModelNet10,3
39,matched_edge_topology_shuffle,0.14340540567194088,modelnet10_s3,ModelNet10,3
40,matched_edge_topology_shuffle,0.15041370149040928,modelnet10_s3,ModelNet10,3
41,matched_edge_topology_shuffle,0.1427648948297682,modelnet10_s3,ModelNet10,3
42,matched_edge_topology_shuffle,0.14689407087184345,modelnet10_s3,ModelNet10,3
43,matched_edge_topology_shuffle,0.14674875861058975,modelnet10_s3,ModelNet10,3
44,matched_edge_topology_shuffle,0.1486879066233166,modelnet10_s3,ModelNet10,3
45,matched_edge_topology_shuffle,0.14571964437547993,modelnet10_s3,ModelNet10,3
46,matched_edge_topology_shuffle,0.1386167262452086,modelnet10_s3,ModelNet10,3
47,matched_edge_topology_shuffle,0.1471522694512175,modelnet10_s3,ModelNet10,3
48,matched_edge_topology_shuffle,0.15041370149040928,modelnet10_s3,ModelNet10,3
49,matched_edge_topology_shuffle,0.14567877968739443,modelnet10_s3,ModelNet10,3
50,matched_edge_topology_shuffle,0.1461046538177778,modelnet10_s3,ModelNet10,3
51,matched_edge_topology_shuffle,0.14855689135029584,modelnet10_s3,ModelNet10,3
52,matched_edge_topology_shuffle,0.14691395773899493,modelnet10_s3,ModelNet10,3
53,matched_edge_topology_shuffle,0.14920254386329262,modelnet10_s3,ModelNet10,3
54,matched_edge_topology_shuffle,0.14488716611581967,modelnet10_s3,ModelNet10,3
55,matched_edge_topology_shuffle,0.14002276506031885,modelnet10_s3,ModelNet10,3
56,matched_edge_topology_shuffle,0.14592723179429928,modelnet10_s3,ModelNet10,3
57,matched_edge_topology_shuffle,0.14129861030458504,modelnet10_s3,ModelNet10,3
58,matched_edge_topology_shuffle,0.11906811633299656,modelnet10_s3,ModelNet10,3
59,matched_edge_topology_shuffle,0.14977700930317994,modelnet10_s3,ModelNet10,3
60,matched_edge_topology_shuffle,0.13970596489754808,modelnet10_s3,ModelNet10,3
61,matched_edge_topology_shuffle,0.14559387618701367,modelnet10_s3,ModelNet10,3
62,matched_edge_topology_shuffle,0.14578410545627937,modelnet10_s3,ModelNet10,3
63,matched_edge_topology_shuffle,0.15026380931363978,modelnet10_s3,ModelNet10,3
64,matched_edge_topology_shuffle,0.14245472395964456,modelnet10_s3,ModelNet10,3
65,matched_edge_topology_shuffle,0.14799672266983313,modelnet10_s3,ModelNet10,3
66,matched_edge_topology_shuffle,0.1434054056719409,modelnet10_s3,ModelNet10,3
67,matched_edge_topology_shuffle,0.14970784952241917,modelnet10_s3,ModelNet10,3
68,matched_edge_topology_shuffle,0.1426949044862214,modelnet10_s3,ModelNet10,3
69,matched_edge_topology_shuffle,0.14653124653371996,modelnet10_s3,ModelNet10,3
70,matched_edge_topology_shuffle,0.14337434578475294,modelnet10_s3,ModelNet10,3
71,matched_edge_topology_shuffle,0.14404069287506419,modelnet10_s3,ModelNet10,3
72,matched_edge_topology_shuffle,0.14578410545627934,modelnet10_s3,ModelNet10,3
73,matched_edge_topology_shuffle,0.14767650816842132,modelnet10_s3,ModelNet10,3
74,matched_edge_topology_shuffle,0.14737483658275144,modelnet10_s3,ModelNet10,3
75,matched_edge_topology_shuffle,0.14021220509680907,modelnet10_s3,ModelNet10,3
76,matched_edge_topology_shuffle,0.14322113252603938,modelnet10_s3,ModelNet10,3
77,matched_edge_topology_shuffle,0.14125465975947563,modelnet10_s3,ModelNet10,3
78,matched_edge_topology_shuffle,0.14645607886864104,modelnet10_s3,ModelNet10,3
79,matched_edge_topology_shuffle,0.11055643452567303,modelnet10_s3,ModelNet10,3
80,matched_edge_topology_shuffle,0.15255625137491885,modelnet10_s3,ModelNet10,3
81,matched_edge_topology_shuffle,0.14047952638590436,modelnet10_s3,ModelNet10,3
82,matched_edge_topology_shuffle,0.14565031885508134,modelnet10_s3,ModelNet10,3
83,matched_edge_topology_shuffle,0.14751581165106037,modelnet10_s3,ModelNet10,3
84,matched_edge_topology_shuffle,0.1427648948297682,modelnet10_s3,ModelNet10,3
85,matched_edge_topology_shuffle,0.1436095733005294,modelnet10_s3,ModelNet10,3
86,matched_edge_topology_shuffle,0.15018539248270005,modelnet10_s3,ModelNet10,3
87,matched_edge_topology_shuffle,0.14322118316709306,modelnet10_s3,ModelNet10,3
88,matched_edge_topology_shuffle,0.14322118316709292,modelnet10_s3,ModelNet10,3
89,matched_edge_topology_shuffle,0.14855689135029593,modelnet10_s3,ModelNet10,3
90,matched_edge_topology_shuffle,0.14672119836492784,modelnet10_s3,ModelNet10,3
91,matched_edge_topology_shuffle,0.14689258694988785,modelnet10_s3,ModelNet10,3
92,matched_edge_topology_shuffle,0.14698439901415486,modelnet10_s3,ModelNet10,3
93,matched_edge_topology_shuffle,0.14689407087184345,modelnet10_s3,ModelNet10,3
94,matched_edge_topology_shuffle,0.14482807002511738,modelnet10_s3,ModelNet10,3
95,matched_edge_topology_shuffle,0.14636945938760804,modelnet10_s3,ModelNet10,3
96,matched_edge_topology_shuffle,0.14769853245243778,modelnet10_s3,ModelNet10,3
97,matched_edge_topology_shuffle,0.14813921411391376,modelnet10_s3,ModelNet10,3
98,matched_edge_topology_shuffle,0.14225297824392882,modelnet10_s3,ModelNet10,3
99,matched_edge_topology_shuffle,0.14812715567953275,modelnet10_s3,ModelNet10,3
100,matched_edge_topology_shuffle,0.14965776817672924,modelnet10_s3,ModelNet10,3
101,matched_edge_topology_shuffle,0.14507698536775623,modelnet10_s3,ModelNet10,3
102,matched_edge_topology_shuffle,0.14970784952241925,modelnet10_s3,ModelNet10,3
103,matched_edge_topology_shuffle,0.14920254386329265,modelnet10_s3,ModelNet10,3
104,matched_edge_topology_shuffle,0.146105869795152,modelnet10_s3,ModelNet10,3
105,matched_edge_topology_shuffle,0.14672119836492784,modelnet10_s3,ModelNet10,3
106,matched_edge_topology_shuffle,0.14121888198255303,modelnet10_s3,ModelNet10,3
107,matched_edge_topology_shuffle,0.14977700930318,modelnet10_s3,ModelNet10,3
108,matched_edge_topology_shuffle,0.14896694897221102,modelnet10_s3,ModelNet10,3
109,matched_edge_topology_shuffle,0.14730366100114436,modelnet10_s3,ModelNet10,3
110,matched_edge_topology_shuffle,0.15026380931363983,modelnet10_s3,ModelNet10,3
111,matched_edge_topology_shuffle,0.14602633067054901,modelnet10_s3,ModelNet10,3
112,matched_edge_topology_shuffle,0.14578410545627918,modelnet10_s3,ModelNet10,3
113,matched_edge_topology_shuffle,0.14859534382015704,modelnet10_s3,ModelNet10,3
114,matched_edge_topology_shuffle,0.15134700958758981,modelnet10_s3,ModelNet10,3
115,matched_edge_topology_shuffle,0.14704084598217487,modelnet10_s3,ModelNet10,3
116,matched_edge_topology_shuffle,0.14322113252603938,modelnet10_s3,ModelNet10,3
117,matched_edge_topology_shuffle,0.1193614728835907,modelnet10_s3,ModelNet10,3
118,matched_edge_topology_shuffle,0.14360957330052934,modelnet10_s3,ModelNet10,3
119,matched_edge_topology_shuffle,0.15013661978304096,modelnet10_s3,ModelNet10,3
120,matched_edge_topology_shuffle,0.1456503188550816,modelnet10_s3,ModelNet10,3
121,matched_edge_topology_shuffle,0.15026380931363936,modelnet10_s3,ModelNet10,3
122,matched_edge_topology_shuffle,0.14526553371503975,modelnet10_s3,ModelNet10,3
123,matched_edge_topology_shuffle,0.1440406928750644,modelnet10_s3,ModelNet10,3
124,matched_edge_topology_shuffle,0.1481587620620168,modelnet10_s3,ModelNet10,3
125,matched_edge_topology_shuffle,0.14689407087184317,modelnet10_s3,ModelNet10,3
126,matched_edge_topology_shuffle,0.1503334534624493,modelnet10_s3,ModelNet10,3
127,matched_edge_topology_shuffle,0.1466391166246682,modelnet10_s3,ModelNet10,3
128,matched_edge_topology_shuffle,0.14276489482976815,modelnet10_s3,ModelNet10,3
129,matched_edge_topology_shuffle,0.14880639982658977,modelnet10_s3,ModelNet10,3
130,matched_edge_topology_shuffle,0.1468940708718433,modelnet10_s3,ModelNet10,3
131,matched_edge_topology_shuffle,0.15037974476303223,modelnet10_s3,ModelNet10,3
132,matched_edge_topology_shuffle,0.1432211325260394,modelnet10_s3,ModelNet10,3
133,matched_edge_topology_shuffle,0.15026380931363936,modelnet10_s3,ModelNet10,3
134,matched_edge_topology_shuffle,0.14855689135029598,modelnet10_s3,ModelNet10,3
135,matched_edge_topology_shuffle,0.11055643452567303,modelnet10_s3,ModelNet10,3
136,matched_edge_topology_shuffle,0.14359167952349738,modelnet10_s3,ModelNet10,3
137,matched_edge_topology_shuffle,0.14689407087184317,modelnet10_s3,ModelNet10,3
138,matched_edge_topology_shuffle,0.14551075574975353,modelnet10_s3,ModelNet10,3
139,matched_edge_topology_shuffle,0.14652278698899884,modelnet10_s3,ModelNet10,3
140,matched_edge_topology_shuffle,0.14592723179429928,modelnet10_s3,ModelNet10,3
141,matched_edge_topology_shuffle,0.11640779384918046,modelnet10_s3,ModelNet10,3
142,matched_edge_topology_shuffle,0.14920254386329257,modelnet10_s3,ModelNet10,3
143,matched_edge_topology_shuffle,0.14769208392305525,modelnet10_s3,ModelNet10,3
144,matched_edge_topology_shuffle,0.14881752299923562,modelnet10_s3,ModelNet10,3
145,matched_edge_topology_shuffle,0.14624239529148983,modelnet10_s3,ModelNet10,3
146,matched_edge_topology_shuffle,0.14847892902030363,modelnet10_s3,ModelNet10,3
147,matched_edge_topology_shuffle,0.14319575348170505,modelnet10_s3,ModelNet10,3
148,matched_edge_topology_shuffle,0.15134700958758981,modelnet10_s3,ModelNet10,3
149,matched_edge_topology_shuffle,0.14007324782645528,modelnet10_s3,ModelNet10,3
150,matched_edge_topology_shuffle,0.14937873755263112,modelnet10_s3,ModelNet10,3
151,matched_edge_topology_shuffle,0.14689407087184336,modelnet10_s3,ModelNet10,3
152,matched_edge_topology_shuffle,0.15037974476303245,modelnet10_s3,ModelNet10,3
153,matched_edge_topology_shuffle,0.1413313999725174,modelnet10_s3,ModelNet10,3
154,matched_edge_topology_shuffle,0.14605166068138714,modelnet10_s3,ModelNet10,3
155,matched_edge_topology_shuffle,0.14185089540975385,modelnet10_s3,ModelNet10,3
156,matched_edge_topology_shuffle,0.14753978628162606,modelnet10_s3,ModelNet10,3
157,matched_edge_topology_shuffle,0.1504137014904094,modelnet10_s3,ModelNet10,3
158,matched_edge_topology_shuffle,0.1436095733005293,modelnet10_s3,ModelNet10,3
159,matched_edge_topology_shuffle,0.14812715567953275,modelnet10_s3,ModelNet10,3
160,matched_edge_topology_shuffle,0.15134700958758956,modelnet10_s3,ModelNet10,3
161,matched_edge_topology_shuffle,0.15010241769204768,modelnet10_s3,ModelNet10,3
162,matched_edge_topology_shuffle,0.1469321383587825,modelnet10_s3,ModelNet10,3
163,matched_edge_topology_shuffle,0.14225297824392877,modelnet10_s3,ModelNet10,3
164,matched_edge_topology_shuffle,0.14970784952241908,modelnet10_s3,ModelNet10,3
165,matched_edge_topology_shuffle,0.14965776817672913,modelnet10_s3,ModelNet10,3
166,matched_edge_topology_shuffle,0.14807337275167853,modelnet10_s3,ModelNet10,3
167,matched_edge_topology_shuffle,0.1454351330215589,modelnet10_s3,ModelNet10,3
168,matched_edge_topology_shuffle,0.1476985324524379,modelnet10_s3,ModelNet10,3
169,matched_edge_topology_shuffle,0.14663911662466825,modelnet10_s3,ModelNet10,3
170,matched_edge_topology_shuffle,0.14663911662466825,modelnet10_s3,ModelNet10,3
171,matched_edge_topology_shuffle,0.14084347781793924,modelnet10_s3,ModelNet10,3
172,matched_edge_topology_shuffle,0.1501024176920476,modelnet10_s3,ModelNet10,3
173,matched_edge_topology_shuffle,0.14744876381234898,modelnet10_s3,ModelNet10,3
174,matched_edge_topology_shuffle,0.14269490448622144,modelnet10_s3,ModelNet10,3
175,matched_edge_topology_shuffle,0.14394572924816387,modelnet10_s3,ModelNet10,3
176,matched_edge_topology_shuffle,0.14848088869933657,modelnet10_s3,ModelNet10,3
177,matched_edge_topology_shuffle,0.11055643452567303,modelnet10_s3,ModelNet10,3
178,matched_edge_topology_shuffle,0.13897707536841233,modelnet10_s3,ModelNet10,3
179,matched_edge_topology_shuffle,0.1492025438632927,modelnet10_s3,ModelNet10,3
180,matched_edge_topology_shuffle,0.1503334534624494,modelnet10_s3,ModelNet10,3
181,matched_edge_topology_shuffle,0.15026380931363947,modelnet10_s3,ModelNet10,3
182,matched_edge_topology_shuffle,0.14751581165106048,modelnet10_s3,ModelNet10,3
183,matched_edge_topology_shuffle,0.14669786030663656,modelnet10_s3,ModelNet10,3
184,matched_edge_topology_shuffle,0.14746110355783756,modelnet10_s3,ModelNet10,3
185,matched_edge_topology_shuffle,0.14798450189162216,modelnet10_s3,ModelNet10,3
186,matched_edge_topology_shuffle,0.14507698536775607,modelnet10_s3,ModelNet10,3
187,matched_edge_topology_shuffle,0.14266232353033947,modelnet10_s3,ModelNet10,3
188,matched_edge_topology_shuffle,0.14847892902030355,modelnet10_s3,ModelNet10,3
189,matched_edge_topology_shuffle,0.14652162398463167,modelnet10_s3,ModelNet10,3
190,matched_edge_topology_shuffle,0.14575006728660153,modelnet10_s3,ModelNet10,3
191,matched_edge_topology_shuffle,0.14322113252603955,modelnet10_s3,ModelNet10,3
192,matched_edge_topology_shuffle,0.1504137014904094,modelnet10_s3,ModelNet10,3
193,matched_edge_topology_shuffle,0.15134700958758954,modelnet10_s3,ModelNet10,3
194,matched_edge_topology_shuffle,0.14812715567953272,modelnet10_s3,ModelNet10,3
195,matched_edge_topology_shuffle,0.14698439901415486,modelnet10_s3,ModelNet10,3
196,matched_edge_topology_shuffle,0.11640779384918044,modelnet10_s3,ModelNet10,3
197,matched_edge_topology_shuffle,0.14965776817672927,modelnet10_s3,ModelNet10,3
198,matched_edge_topology_shuffle,0.1450864783262732,modelnet10_s3,ModelNet10,3
199,matched_edge_topology_shuffle,0.14911449136874072,modelnet10_s3,ModelNet10,3
0,matched_edge_topology_shuffle,0.1490958232667259,modelnet10_s4,ModelNet10,4
1,matched_edge_topology_shuffle,0.15764337871994122,modelnet10_s4,ModelNet10,4
2,matched_edge_topology_shuffle,0.15505926506346765,modelnet10_s4,ModelNet10,4
3,matched_edge_topology_shuffle,0.15482916123827475,modelnet10_s4,ModelNet10,4
4,matched_edge_topology_shuffle,0.1567373858964239,modelnet10_s4,ModelNet10,4
5,matched_edge_topology_shuffle,0.12418575941986851,modelnet10_s4,ModelNet10,4
6,matched_edge_topology_shuffle,0.16266482033014565,modelnet10_s4,ModelNet10,4
7,matched_edge_topology_shuffle,0.1505081436729507,modelnet10_s4,ModelNet10,4
8,matched_edge_topology_shuffle,0.15309441765934279,modelnet10_s4,ModelNet10,4
9,matched_edge_topology_shuffle,0.14883999013158802,modelnet10_s4,ModelNet10,4
10,matched_edge_topology_shuffle,0.1548765475416894,modelnet10_s4,ModelNet10,4
11,matched_edge_topology_shuffle,0.1517987478069741,modelnet10_s4,ModelNet10,4
12,matched_edge_topology_shuffle,0.15270414015198125,modelnet10_s4,ModelNet10,4
13,matched_edge_topology_shuffle,0.1546774553380489,modelnet10_s4,ModelNet10,4
14,matched_edge_topology_shuffle,0.15744977730628357,modelnet10_s4,ModelNet10,4
15,matched_edge_topology_shuffle,0.17314800422410903,modelnet10_s4,ModelNet10,4
16,matched_edge_topology_shuffle,0.16182062444657866,modelnet10_s4,ModelNet10,4
17,matched_edge_topology_shuffle,0.14909376272983688,modelnet10_s4,ModelNet10,4
18,matched_edge_topology_shuffle,0.14718359777083298,modelnet10_s4,ModelNet10,4
19,matched_edge_topology_shuffle,0.12614010033681572,modelnet10_s4,ModelNet10,4
20,matched_edge_topology_shuffle,0.15396185638119647,modelnet10_s4,ModelNet10,4
21,matched_edge_topology_shuffle,0.15285149675940773,modelnet10_s4,ModelNet10,4
22,matched_edge_topology_shuffle,0.15650402209574774,modelnet10_s4,ModelNet10,4
23,matched_edge_topology_shuffle,0.15292634966492585,modelnet10_s4,ModelNet10,4
24,matched_edge_topology_shuffle,0.1544989044675193,modelnet10_s4,ModelNet10,4
25,matched_edge_topology_shuffle,0.15352199747733197,modelnet10_s4,ModelNet10,4
26,matched_edge_topology_shuffle,0.15512310081587136,modelnet10_s4,ModelNet10,4
27,matched_edge_topology_shuffle,0.15304637409329236,modelnet10_s4,ModelNet10,4
28,matched_edge_topology_shuffle,0.1558659607838026,modelnet10_s4,ModelNet10,4
29,matched_edge_topology_shuffle,0.15247257564565864,modelnet10_s4,ModelNet10,4
30,matched_edge_topology_shuffle,0.14858809348781146,modelnet10_s4,ModelNet10,4
31,matched_edge_topology_shuffle,0.14553073282626425,modelnet10_s4,ModelNet10,4
32,matched_edge_topology_shuffle,0.14621132623249694,modelnet10_s4,ModelNet10,4
33,matched_edge_topology_shuffle,0.14884964266124984,modelnet10_s4,ModelNet10,4
34,matched_edge_topology_shuffle,0.15206978160166845,modelnet10_s4,ModelNet10,4
35,matched_edge_topology_shuffle,0.15792929191813093,modelnet10_s4,ModelNet10,4
36,matched_edge_topology_shuffle,0.1533232214693458,modelnet10_s4,ModelNet10,4
37,matched_edge_topology_shuffle,0.15315919302370834,modelnet10_s4,ModelNet10,4
38,matched_edge_topology_shuffle,0.14782713271045778,modelnet10_s4,ModelNet10,4
39,matched_edge_topology_shuffle,0.14306840962202957,modelnet10_s4,ModelNet10,4
40,matched_edge_topology_shuffle,0.15220933844476045,modelnet10_s4,ModelNet10,4
41,matched_edge_topology_shuffle,0.15007530213820325,modelnet10_s4,ModelNet10,4
42,matched_edge_topology_shuffle,0.12012207092066864,modelnet10_s4,ModelNet10,4
43,matched_edge_topology_shuffle,0.1576239617363444,modelnet10_s4,ModelNet10,4
44,matched_edge_topology_shuffle,0.15181394447681695,modelnet10_s4,ModelNet10,4
45,matched_edge_topology_shuffle,0.158876850056471,modelnet10_s4,ModelNet10,4
46,matched_edge_topology_shuffle,0.15552664078353134,modelnet10_s4,ModelNet10,4
47,matched_edge_topology_shuffle,0.15371800943280947,modelnet10_s4,ModelNet10,4
48,matched_edge_topology_shuffle,0.15131014396298018,modelnet10_s4,ModelNet10,4
49,matched_edge_topology_shuffle,0.14733721826964621,modelnet10_s4,ModelNet10,4
50,matched_edge_topology_shuffle,0.14787690004998397,modelnet10_s4,ModelNet10,4
51,matched_edge_topology_shuffle,0.15880324640125673,modelnet10_s4,ModelNet10,4
52,matched_edge_topology_shuffle,0.14858809348781152,modelnet10_s4,ModelNet10,4
53,matched_edge_topology_shuffle,0.15725489949966273,modelnet10_s4,ModelNet10,4
54,matched_edge_topology_shuffle,0.14836098783979715,modelnet10_s4,ModelNet10,4
55,matched_edge_topology_shuffle,0.15362306752734414,modelnet10_s4,ModelNet10,4
56,matched_edge_topology_shuffle,0.15190587663699548,modelnet10_s4,ModelNet10,4
57,matched_edge_topology_shuffle,0.15190587663699526,modelnet10_s4,ModelNet10,4
58,matched_edge_topology_shuffle,0.160474068796194,modelnet10_s4,ModelNet10,4
59,matched_edge_topology_shuffle,0.15926356745423736,modelnet10_s4,ModelNet10,4
60,matched_edge_topology_shuffle,0.15812492016165403,modelnet10_s4,ModelNet10,4
61,matched_edge_topology_shuffle,0.16541795270844178,modelnet10_s4,ModelNet10,4
62,matched_edge_topology_shuffle,0.15663082099380915,modelnet10_s4,ModelNet10,4
63,matched_edge_topology_shuffle,0.14621132623249694,modelnet10_s4,ModelNet10,4
64,matched_edge_topology_shuffle,0.15131587062329652,modelnet10_s4,ModelNet10,4
65,matched_edge_topology_shuffle,0.16331432300483967,modelnet10_s4,ModelNet10,4
66,matched_edge_topology_shuffle,0.17380760144592702,modelnet10_s4,ModelNet10,4
67,matched_edge_topology_shuffle,0.15836575778597037,modelnet10_s4,ModelNet10,4
68,matched_edge_topology_shuffle,0.15067984081274713,modelnet10_s4,ModelNet10,4
69,matched_edge_topology_shuffle,0.15258633315064965,modelnet10_s4,ModelNet10,4
70,matched_edge_topology_shuffle,0.15892472907402294,modelnet10_s4,ModelNet10,4
71,matched_edge_topology_shuffle,0.15386675864550994,modelnet10_s4,ModelNet10,4
72,matched_edge_topology_shuffle,0.153961856381196,modelnet10_s4,ModelNet10,4
73,matched_edge_topology_shuffle,0.16112204487608336,modelnet10_s4,ModelNet10,4
74,matched_edge_topology_shuffle,0.15337366332822275,modelnet10_s4,ModelNet10,4
75,matched_edge_topology_shuffle,0.15207665009103213,modelnet10_s4,ModelNet10,4
76,matched_edge_topology_shuffle,0.15424414586506882,modelnet10_s4,ModelNet10,4
77,matched_edge_topology_shuffle,0.14390349039178182,modelnet10_s4,ModelNet10,4
78,matched_edge_topology_shuffle,0.170035399971331,modelnet10_s4,ModelNet10,4
79,matched_edge_topology_shuffle,0.14823695646471327,modelnet10_s4,ModelNet10,4
80,matched_edge_topology_shuffle,0.1486960914604682,modelnet10_s4,ModelNet10,4
81,matched_edge_topology_shuffle,0.15321360763995656,modelnet10_s4,ModelNet10,4
82,matched_edge_topology_shuffle,0.15558936002893445,modelnet10_s4,ModelNet10,4
83,matched_edge_topology_shuffle,0.16668711418735352,modelnet10_s4,ModelNet10,4
84,matched_edge_topology_shuffle,0.15246162376925582,modelnet10_s4,ModelNet10,4
85,matched_edge_topology_shuffle,0.1460632299620184,modelnet10_s4,ModelNet10,4
86,matched_edge_topology_shuffle,0.16417763242354325,modelnet10_s4,ModelNet10,4
87,matched_edge_topology_shuffle,0.1661408543937247,modelnet10_s4,ModelNet10,4
88,matched_edge_topology_shuffle,0.15274405274813085,modelnet10_s4,ModelNet10,4
89,matched_edge_topology_shuffle,0.15208288402687034,modelnet10_s4,ModelNet10,4
90,matched_edge_topology_shuffle,0.1479928149881375,modelnet10_s4,ModelNet10,4
91,matched_edge_topology_shuffle,0.15831029914713488,modelnet10_s4,ModelNet10,4
92,matched_edge_topology_shuffle,0.1636759557024645,modelnet10_s4,ModelNet10,4
93,matched_edge_topology_shuffle,0.1454940934016797,modelnet10_s4,ModelNet10,4
94,matched_edge_topology_shuffle,0.15451595796057532,modelnet10_s4,ModelNet10,4
95,matched_edge_topology_shuffle,0.15908604541166727,modelnet10_s4,ModelNet10,4
96,matched_edge_topology_shuffle,0.15238311509360297,modelnet10_s4,ModelNet10,4
97,matched_edge_topology_shuffle,0.14858809348781152,modelnet10_s4,ModelNet10,4
98,matched_edge_topology_shuffle,0.1471091600021056,modelnet10_s4,ModelNet10,4
99,matched_edge_topology_shuffle,0.14883304592761418,modelnet10_s4,ModelNet10,4
100,matched_edge_topology_shuffle,0.1451872116088921,modelnet10_s4,ModelNet10,4
101,matched_edge_topology_shuffle,0.15966820104861007,modelnet10_s4,ModelNet10,4
102,matched_edge_topology_shuffle,0.14987987957019966,modelnet10_s4,ModelNet10,4
103,matched_edge_topology_shuffle,0.15752902560255513,modelnet10_s4,ModelNet10,4
104,matched_edge_topology_shuffle,0.16300706051491962,modelnet10_s4,ModelNet10,4
105,matched_edge_topology_shuffle,0.15996188938019984,modelnet10_s4,ModelNet10,4
106,matched_edge_topology_shuffle,0.1506364522350721,modelnet10_s4,ModelNet10,4
107,matched_edge_topology_shuffle,0.15009870362617989,modelnet10_s4,ModelNet10,4
108,matched_edge_topology_shuffle,0.15901536440445002,modelnet10_s4,ModelNet10,4
109,matched_edge_topology_shuffle,0.15725489949966304,modelnet10_s4,ModelNet10,4
110,matched_edge_topology_shuffle,0.1527858904954229,modelnet10_s4,ModelNet10,4
111,matched_edge_topology_shuffle,0.1484081737865438,modelnet10_s4,ModelNet10,4
112,matched_edge_topology_shuffle,0.11055643452567303,modelnet10_s4,ModelNet10,4
113,matched_edge_topology_shuffle,0.1526384433903603,modelnet10_s4,ModelNet10,4
114,matched_edge_topology_shuffle,0.15764337871994102,modelnet10_s4,ModelNet10,4
115,matched_edge_topology_shuffle,0.16390191128829817,modelnet10_s4,ModelNet10,4
116,matched_edge_topology_shuffle,0.13919594912882882,modelnet10_s4,ModelNet10,4
117,matched_edge_topology_shuffle,0.16163640371050972,modelnet10_s4,ModelNet10,4
118,matched_edge_topology_shuffle,0.1451370705663908,modelnet10_s4,ModelNet10,4
119,matched_edge_topology_shuffle,0.17056629835089973,modelnet10_s4,ModelNet10,4
120,matched_edge_topology_shuffle,0.16832680422368984,modelnet10_s4,ModelNet10,4
121,matched_edge_topology_shuffle,0.14883999013158797,modelnet10_s4,ModelNet10,4
122,matched_edge_topology_shuffle,0.15146673127708413,modelnet10_s4,ModelNet10,4
123,matched_edge_topology_shuffle,0.15710953081489748,modelnet10_s4,ModelNet10,4
124,matched_edge_topology_shuffle,0.1590860454116671,modelnet10_s4,ModelNet10,4
125,matched_edge_topology_shuffle,0.15622986076636602,modelnet10_s4,ModelNet10,4
126,matched_edge_topology_shuffle,0.1584621849478011,modelnet10_s4,ModelNet10,4
127,matched_edge_topology_shuffle,0.16441583717007183,modelnet10_s4,ModelNet10,4
128,matched_edge_topology_shuffle,0.15749739397535628,modelnet10_s4,ModelNet10,4
129,matched_edge_topology_shuffle,0.1510455607173551,modelnet10_s4,ModelNet10,4
130,matched_edge_topology_shuffle,0.12085449902198937,modelnet10_s4,ModelNet10,4
131,matched_edge_topology_shuffle,0.1620696535601041,modelnet10_s4,ModelNet10,4
132,matched_edge_topology_shuffle,0.14884964266124984,modelnet10_s4,ModelNet10,4
133,matched_edge_topology_shuffle,0.15740983267317277,modelnet10_s4,ModelNet10,4
134,matched_edge_topology_shuffle,0.15822609312888028,modelnet10_s4,ModelNet10,4
135,matched_edge_topology_shuffle,0.16579847575996795,modelnet10_s4,ModelNet10,4
136,matched_edge_topology_shuffle,0.15723997027002853,modelnet10_s4,ModelNet10,4
137,matched_edge_topology_shuffle,0.16122942145185754,modelnet10_s4,ModelNet10,4
138,matched_edge_topology_shuffle,0.1570066271260772,modelnet10_s4,ModelNet10,4
139,matched_edge_topology_shuffle,0.15123716695558065,modelnet10_s4,ModelNet10,4
140,matched_edge_topology_shuffle,0.15396185638119625,modelnet10_s4,ModelNet10,4
141,matched_edge_topology_shuffle,0.15650402209574746,modelnet10_s4,ModelNet10,4
142,matched_edge_topology_shuffle,0.15120988131934487,modelnet10_s4,ModelNet10,4
143,matched_edge_topology_shuffle,0.1484782398265026,modelnet10_s4,ModelNet10,4
144,matched_edge_topology_shuffle,0.16324777207640112,modelnet10_s4,ModelNet10,4
145,matched_edge_topology_shuffle,0.15374446408019826,modelnet10_s4,ModelNet10,4
146,matched_edge_topology_shuffle,0.16019765144007547,modelnet10_s4,ModelNet10,4
147,matched_edge_topology_shuffle,0.15190587663699526,modelnet10_s4,ModelNet10,4
148,matched_edge_topology_shuffle,0.14733721826964621,modelnet10_s4,ModelNet10,4
149,matched_edge_topology_shuffle,0.15311100319533816,modelnet10_s4,ModelNet10,4
150,matched_edge_topology_shuffle,0.15886793591294318,modelnet10_s4,ModelNet10,4
151,matched_edge_topology_shuffle,0.15016394658099871,modelnet10_s4,ModelNet10,4
152,matched_edge_topology_shuffle,0.11055643452567299,modelnet10_s4,ModelNet10,4
153,matched_edge_topology_shuffle,0.15292634966492585,modelnet10_s4,ModelNet10,4
154,matched_edge_topology_shuffle,0.1598636663992917,modelnet10_s4,ModelNet10,4
155,matched_edge_topology_shuffle,0.1546774553380493,modelnet10_s4,ModelNet10,4
156,matched_edge_topology_shuffle,0.15892472907402358,modelnet10_s4,ModelNet10,4
157,matched_edge_topology_shuffle,0.15995340084902585,modelnet10_s4,ModelNet10,4
158,matched_edge_topology_shuffle,0.15642164787091606,modelnet10_s4,ModelNet10,4
159,matched_edge_topology_shuffle,0.15207665009103208,modelnet10_s4,ModelNet10,4
160,matched_edge_topology_shuffle,0.14987987957019977,modelnet10_s4,ModelNet10,4
161,matched_edge_topology_shuffle,0.1482369564647133,modelnet10_s4,ModelNet10,4
162,matched_edge_topology_shuffle,0.14817250247634187,modelnet10_s4,ModelNet10,4
163,matched_edge_topology_shuffle,0.15388208503411577,modelnet10_s4,ModelNet10,4
164,matched_edge_topology_shuffle,0.1506811754910671,modelnet10_s4,ModelNet10,4
165,matched_edge_topology_shuffle,0.1700545402318096,modelnet10_s4,ModelNet10,4
166,matched_edge_topology_shuffle,0.16165675582319997,modelnet10_s4,ModelNet10,4
167,matched_edge_topology_shuffle,0.15572607741210331,modelnet10_s4,ModelNet10,4
168,matched_edge_topology_shuffle,0.15049595994768478,modelnet10_s4,ModelNet10,4
169,matched_edge_topology_shuffle,0.15586596078380302,modelnet10_s4,ModelNet10,4
170,matched_edge_topology_shuffle,0.16039928770373832,modelnet10_s4,ModelNet10,4
171,matched_edge_topology_shuffle,0.16673142262236187,modelnet10_s4,ModelNet10,4
172,matched_edge_topology_shuffle,0.16413168022389085,modelnet10_s4,ModelNet10,4
173,matched_edge_topology_shuffle,0.15049595994768478,modelnet10_s4,ModelNet10,4
174,matched_edge_topology_shuffle,0.14883999013158802,modelnet10_s4,ModelNet10,4
175,matched_edge_topology_shuffle,0.16331432300483967,modelnet10_s4,ModelNet10,4
176,matched_edge_topology_shuffle,0.16070154376535392,modelnet10_s4,ModelNet10,4
177,matched_edge_topology_shuffle,0.15844037261647417,modelnet10_s4,ModelNet10,4
178,matched_edge_topology_shuffle,0.15501966710416293,modelnet10_s4,ModelNet10,4
179,matched_edge_topology_shuffle,0.1517987478069741,modelnet10_s4,ModelNet10,4
180,matched_edge_topology_shuffle,0.15269800925475796,modelnet10_s4,ModelNet10,4
181,matched_edge_topology_shuffle,0.14806380430284766,modelnet10_s4,ModelNet10,4
182,matched_edge_topology_shuffle,0.149786935263599,modelnet10_s4,ModelNet10,4
183,matched_edge_topology_shuffle,0.15653684836824783,modelnet10_s4,ModelNet10,4
184,matched_edge_topology_shuffle,0.15711630663219264,modelnet10_s4,ModelNet10,4
185,matched_edge_topology_shuffle,0.1563363656667134,modelnet10_s4,ModelNet10,4
186,matched_edge_topology_shuffle,0.14910690915881442,modelnet10_s4,ModelNet10,4
187,matched_edge_topology_shuffle,0.14458653918564654,modelnet10_s4,ModelNet10,4
188,matched_edge_topology_shuffle,0.1546774553380489,modelnet10_s4,ModelNet10,4
189,matched_edge_topology_shuffle,0.15381917078539678,modelnet10_s4,ModelNet10,4
190,matched_edge_topology_shuffle,0.14823695646471335,modelnet10_s4,ModelNet10,4
191,matched_edge_topology_shuffle,0.1497644445105557,modelnet10_s4,ModelNet10,4
192,matched_edge_topology_shuffle,0.15970024192187826,modelnet10_s4,ModelNet10,4
193,matched_edge_topology_shuffle,0.1532136076399562,modelnet10_s4,ModelNet10,4
194,matched_edge_topology_shuffle,0.15388342657808782,modelnet10_s4,ModelNet10,4
195,matched_edge_topology_shuffle,0.15865807451410308,modelnet10_s4,ModelNet10,4
196,matched_edge_topology_shuffle,0.15558936002893445,modelnet10_s4,ModelNet10,4
197,matched_edge_topology_shuffle,0.15350514792232295,modelnet10_s4,ModelNet10,4
198,matched_edge_topology_shuffle,0.16928867691368113,modelnet10_s4,ModelNet10,4
199,matched_edge_topology_shuffle,0.16410126809976172,modelnet10_s4,ModelNet10,4
