dimension_m,dimension_n,rank,adapter_count,precision,method,status,relative_frobenius_error_to_effective_mean,random_vector_probe_error,random_batch_logit_error,output_subspace_distance_to_reference_span,gauge_invariance_probe_error,output_rank,reference_mode,dense_reference_materialized_for_correctness
768,768,4,4,float32,naive_factor_average,success,0.8441067694467514,0.8651455044746399,4.09627628326416,0.001091830083169,7.625513553619385,4,exact_low_rank_algebraic_identity,False
768,768,4,4,float32,dense_deterministic_truncated_svd,success,0.0,8.380703775401344e-07,5.245208740234375e-06,0.0012448778143152,4.718153832072858e-07,4,exact_low_rank_algebraic_identity,False
768,768,4,4,float32,dense_randomized_svd,success,0.0,9.009499422063528e-07,5.245208740234375e-06,0.0010358009021729,1.1783533864218043e-06,4,exact_low_rank_algebraic_identity,False
768,768,4,4,float32,canonical_factor_space,success,0.7619079947155379,0.7266685366630554,3.627646207809448,0.0016558422939851,2.35251127378433e-06,4,exact_low_rank_algebraic_identity,False
768,768,4,4,float32,pairwise_reference_alignment,success,0.000431560985361,8.33686158330238e-07,8.58306884765625e-06,0.00048828125,2.4554460651415866e-06,4,exact_low_rank_algebraic_identity,False
768,768,4,4,float32,global_synchronization,success,0.000431560985361,7.729606181783311e-07,8.106231689453125e-06,0.00048828125,2.242465143353911e-06,4,exact_low_rank_algebraic_identity,False
768,768,4,4,float32,cycle_aware_alignment,success,0.000431560985361,7.729606181783311e-07,8.106231689453125e-06,0.00048828125,2.242465143353911e-06,4,exact_low_rank_algebraic_identity,False
768,768,4,8,float32,naive_factor_average,success,0.8310208781232293,0.9013048410415648,3.506122589111328,0.0003452669770922,5.517673492431641,4,exact_low_rank_algebraic_identity,False
768,768,4,8,float32,dense_deterministic_truncated_svd,success,0.0004386118054463,8.138655971379194e-07,3.5762786865234375e-06,0.00146484375,5.058873284724541e-07,4,exact_low_rank_algebraic_identity,False
768,768,4,8,float32,dense_randomized_svd,success,0.0004386118054463,9.896307346934918e-07,6.198883056640625e-06,0.0012918707216158,1.0460734074513311e-06,4,exact_low_rank_algebraic_identity,False
768,768,4,8,float32,canonical_factor_space,success,0.8793123703792586,0.8878352046012878,3.690140008926392,0.0009134905994869,4.771252406499116e-06,4,exact_low_rank_algebraic_identity,False
768,768,4,8,float32,pairwise_reference_alignment,success,0.0004386118054463,7.392580414489203e-07,3.337860107421875e-06,0.0009134905994869,6.981270871619927e-06,4,exact_low_rank_algebraic_identity,False
768,768,4,8,float32,global_synchronization,success,0.0,8.339015948877204e-07,3.933906555175781e-06,0.0009134905994869,6.976459189900197e-06,4,exact_low_rank_algebraic_identity,False
768,768,4,8,float32,cycle_aware_alignment,success,0.0,8.339015948877204e-07,3.933906555175781e-06,0.0009134905994869,6.976459189900197e-06,4,exact_low_rank_algebraic_identity,False
768,768,4,16,float32,naive_factor_average,success,0.9229733249792232,0.8641122579574585,3.0365843772888184,0.0012918707216158,3.398915529251098,4,exact_low_rank_algebraic_identity,False
768,768,4,16,float32,dense_deterministic_truncated_svd,success,0.0,8.385304113289749e-07,3.814697265625e-06,0.0012448778143152,4.837505684918142e-07,4,exact_low_rank_algebraic_identity,False
768,768,4,16,float32,dense_randomized_svd,success,0.0,8.740338444113149e-07,2.86102294921875e-06,0.0010358009021729,9.352355050396e-07,4,exact_low_rank_algebraic_identity,False
768,768,4,16,float32,canonical_factor_space,success,0.9448865934850016,0.8917753100395203,2.4456329345703125,0.0012448778143152,5.420860816229833e-06,4,exact_low_rank_algebraic_identity,False
768,768,4,16,float32,pairwise_reference_alignment,success,0.0,7.206081136246212e-07,2.6226043701171875e-06,0.0006905339541845,5.699795565305976e-06,4,exact_low_rank_algebraic_identity,False
768,768,4,16,float32,global_synchronization,success,0.0,6.760654969184543e-07,2.7418136596679688e-06,0.0007720404537394,5.5363252613460645e-06,4,exact_low_rank_algebraic_identity,False
768,768,4,16,float32,cycle_aware_alignment,success,0.0,6.760654969184543e-07,2.7418136596679688e-06,0.0007720404537394,5.5363252613460645e-06,4,exact_low_rank_algebraic_identity,False
768,768,8,4,float32,naive_factor_average,success,0.8589565193409012,0.8585380911827087,2.3334197998046875,0.0017940598772838,5.465003490447998,8,exact_low_rank_algebraic_identity,False
768,768,8,4,float32,dense_deterministic_truncated_svd,success,0.0003040680833772,1.0582243703538552e-06,4.887580871582031e-06,0.00146484375,6.670779839623719e-07,8,exact_low_rank_algebraic_identity,False
768,768,8,4,float32,dense_randomized_svd,success,0.0004300172073968,1.0097021458932431e-06,3.457069396972656e-06,0.001726334914565,1.0270889561070362e-06,8,exact_low_rank_algebraic_identity,False
768,768,8,4,float32,canonical_factor_space,success,0.816581617280513,0.8586885333061218,2.596395492553711,0.0015822120476514,2.430301356071141e-05,8,exact_low_rank_algebraic_identity,False
768,768,8,4,float32,pairwise_reference_alignment,success,0.0004300172073968,8.080131692622672e-07,2.264976501464844e-06,0.0015822120476514,2.0697609670605743e-06,8,exact_low_rank_algebraic_identity,False
768,768,8,4,float32,global_synchronization,success,0.0004300172073968,8.047060759963642e-07,2.3543834686279297e-06,0.00146484375,1.9524652543623233e-06,8,exact_low_rank_algebraic_identity,False
768,768,8,4,float32,cycle_aware_alignment,success,0.0004300172073968,8.047060759963642e-07,2.3543834686279297e-06,0.00146484375,1.9524652543623233e-06,8,exact_low_rank_algebraic_identity,False
768,768,8,8,float32,naive_factor_average,success,0.9066726573221546,0.966392457485199,2.24942398071289,0.00146484375,6.340890884399414,8,exact_low_rank_algebraic_identity,False
768,768,8,8,float32,dense_deterministic_truncated_svd,success,0.0,9.022099334288214e-07,2.5033950805664062e-06,0.0021001771092414,6.888548114147852e-07,8,exact_low_rank_algebraic_identity,False
768,768,8,8,float32,dense_randomized_svd,success,0.0,9.043297950483976e-07,1.9073486328125e-06,0.0022375858388841,1.0591409136395669e-06,8,exact_low_rank_algebraic_identity,False
768,768,8,8,float32,canonical_factor_space,success,0.9038411268568946,0.8825645446777344,2.244248867034912,0.0013372133253142,5.3663234211853705e-06,8,exact_low_rank_algebraic_identity,False
768,768,8,8,float32,pairwise_reference_alignment,success,0.0,7.101725714164786e-07,1.4901161193847656e-06,0.001091830083169,1.524898607385694e-06,8,exact_low_rank_algebraic_identity,False
768,768,8,8,float32,global_synchronization,success,0.0,6.964443173274049e-07,1.6689300537109375e-06,0.001091830083169,1.4206812011252623e-06,8,exact_low_rank_algebraic_identity,False
768,768,8,8,float32,cycle_aware_alignment,success,0.0,6.964443173274049e-07,1.6689300537109375e-06,0.001091830083169,1.4206812011252623e-06,8,exact_low_rank_algebraic_identity,False
768,768,8,16,float32,naive_factor_average,success,0.939349447272987,0.9555089473724364,1.3974502086639404,0.0012918707216158,4.86191463470459,8,exact_low_rank_algebraic_identity,False
768,768,8,16,float32,dense_deterministic_truncated_svd,success,0.0004265682923274,9.975509556170437e-07,1.4901161193847656e-06,0.0016914558364078,5.280434720589255e-07,8,exact_low_rank_algebraic_identity,False
768,768,8,16,float32,dense_randomized_svd,success,0.0,9.112130214816716e-07,1.2814998626708984e-06,0.0016914558364078,1.0491320381333935e-06,8,exact_low_rank_algebraic_identity,False
768,768,8,16,float32,canonical_factor_space,success,0.9428933284658528,1.0342332124710083,1.5106077194213867,0.0016914558364078,4.898960924037965e-06,8,exact_low_rank_algebraic_identity,False
768,768,8,16,float32,pairwise_reference_alignment,success,0.0,8.805936886346899e-07,1.6689300537109375e-06,0.001381067908369,1.9453307231742656e-06,8,exact_low_rank_algebraic_identity,False
768,768,8,16,float32,global_synchronization,success,0.0,7.715144079156744e-07,1.5497207641601562e-06,0.001381067908369,1.8923060451925269e-06,8,exact_low_rank_algebraic_identity,False
768,768,8,16,float32,cycle_aware_alignment,success,0.0,7.715144079156744e-07,1.5497207641601562e-06,0.001381067908369,1.8923060451925269e-06,8,exact_low_rank_algebraic_identity,False
768,768,16,4,float32,naive_factor_average,success,0.8527693126798247,0.8780596852302551,1.7978050708770752,0.0017940598772838,4.020603179931641,16,exact_low_rank_algebraic_identity,False
768,768,16,4,float32,dense_deterministic_truncated_svd,success,0.0,1.0220596777799074e-06,2.212822437286377e-06,0.0021561915054917,7.220943984975747e-07,16,exact_low_rank_algebraic_identity,False
768,768,16,4,float32,dense_randomized_svd,success,0.0,9.876797548713512e-07,2.1457672119140625e-06,0.002316121244803,1.137537879003503e-06,16,exact_low_rank_algebraic_identity,False
768,768,16,4,float32,canonical_factor_space,success,0.8433481142234057,0.8546968698501587,1.8859565258026123,0.002316121244803,1.1284025276836472e-05,16,exact_low_rank_algebraic_identity,False
768,768,16,4,float32,pairwise_reference_alignment,success,0.0003020225660404,8.571131502321805e-07,1.6093254089355469e-06,0.001953125,8.763294317759573e-06,16,exact_low_rank_algebraic_identity,False
768,768,16,4,float32,global_synchronization,success,0.0003020225660404,8.271863976005989e-07,1.475214958190918e-06,0.0020426269620656,8.769488886173349e-06,16,exact_low_rank_algebraic_identity,False
768,768,16,4,float32,cycle_aware_alignment,success,0.0003020225660404,8.271863976005989e-07,1.475214958190918e-06,0.0020426269620656,8.769488886173349e-06,16,exact_low_rank_algebraic_identity,False
768,768,16,8,float32,naive_factor_average,success,0.9230771247259392,0.9259183406829834,1.5053964853286743,0.0018593196291476,4.709838390350342,16,exact_low_rank_algebraic_identity,False
768,768,16,8,float32,dense_deterministic_truncated_svd,success,0.0,9.020162679007626e-07,1.2814998626708984e-06,0.0022107874974608,7.407167004203075e-07,16,exact_low_rank_algebraic_identity,False
768,768,16,8,float32,dense_randomized_svd,success,0.0,9.666256346463342e-07,1.6689300537109375e-06,0.0021001771092414,1.0714104519138343e-06,16,exact_low_rank_algebraic_identity,False
768,768,16,8,float32,canonical_factor_space,success,0.9311145135657428,0.8872659802436829,1.5008065700531006,0.0019223651615902,6.491811654996127e-05,16,exact_low_rank_algebraic_identity,False
768,768,16,8,float32,pairwise_reference_alignment,success,0.0,7.768731506985205e-07,1.0728836059570312e-06,0.0016194457421079,7.967923011165112e-06,16,exact_low_rank_algebraic_identity,False
768,768,16,8,float32,global_synchronization,success,0.0,6.949938438083336e-07,9.5367431640625e-07,0.0016194457421079,7.975677362992428e-06,16,exact_low_rank_algebraic_identity,False
768,768,16,8,float32,cycle_aware_alignment,success,0.0,6.949938438083336e-07,9.5367431640625e-07,0.0016194457421079,7.975677362992428e-06,16,exact_low_rank_algebraic_identity,False
768,768,16,16,float32,naive_factor_average,success,0.959815877375226,0.9721733927726746,1.1864850521087646,0.0022640670649707,5.095472812652588,16,exact_low_rank_algebraic_identity,False
768,768,16,16,float32,dense_deterministic_truncated_svd,success,0.0008055786745833,9.300925398747496e-07,1.1920928955078125e-06,0.001953125,7.238403441078844e-07,16,exact_low_rank_algebraic_identity,False
768,768,16,16,float32,dense_randomized_svd,success,0.0006808382443426,8.528367061444442e-07,1.132488250732422e-06,0.001953125,9.720916978039895e-07,16,exact_low_rank_algebraic_identity,False
768,768,16,16,float32,canonical_factor_space,success,0.962133804427596,0.9692139625549316,1.2075802087783811,0.0017605230677872,0.000665075960569,16,exact_low_rank_algebraic_identity,False
768,768,16,16,float32,pairwise_reference_alignment,success,0.0,7.64993103530287e-07,8.046627044677734e-07,0.002316121244803,7.743210517219268e-06,16,exact_low_rank_algebraic_identity,False
768,768,16,16,float32,global_synchronization,success,0.0,7.229903644656588e-07,8.046627044677734e-07,0.0022375858388841,7.771539458190091e-06,16,exact_low_rank_algebraic_identity,False
768,768,16,16,float32,cycle_aware_alignment,success,0.0,7.229903644656588e-07,8.046627044677734e-07,0.0022375858388841,7.771539458190091e-06,16,exact_low_rank_algebraic_identity,False
768,768,32,4,float32,naive_factor_average,success,0.8567698916955745,0.8685150146484375,1.3909471035003662,0.0026520460378378,3.623772382736206,32,exact_low_rank_algebraic_identity,False
768,768,32,4,float32,dense_deterministic_truncated_svd,success,0.0,9.795668347578612e-07,1.6093254089355469e-06,0.0029900998342782,8.06598620783916e-07,32,exact_low_rank_algebraic_identity,False
768,768,32,4,float32,dense_randomized_svd,success,0.0,9.261420359507612e-07,1.430511474609375e-06,0.0027404716238379,1.093525384021632e-06,32,exact_low_rank_algebraic_identity,False
768,768,32,4,float32,canonical_factor_space,success,0.8509344929678898,0.837281346321106,1.108408808708191,0.0031455319840461,9.41690359468339e-06,32,exact_low_rank_algebraic_identity,False
768,768,32,4,float32,pairwise_reference_alignment,success,0.0,8.058232765506546e-07,1.0728836059570312e-06,0.0024897556286305,6.9450074988708366e-06,32,exact_low_rank_algebraic_identity,False
768,768,32,4,float32,global_synchronization,success,0.0,8.199791068363993e-07,1.1920928955078125e-06,0.0025837414432317,6.960401606193045e-06,32,exact_low_rank_algebraic_identity,False
768,768,32,4,float32,cycle_aware_alignment,success,0.0,8.199791068363993e-07,1.1920928955078125e-06,0.0025837414432317,6.960401606193045e-06,32,exact_low_rank_algebraic_identity,False
768,768,32,8,float32,naive_factor_average,success,0.9337812762927622,0.9300451874732972,0.9437288641929626,0.0028680029790848,4.34480094909668,32,exact_low_rank_algebraic_identity,False
768,768,32,8,float32,dense_deterministic_truncated_svd,success,0.0,9.657186410549912e-07,1.0728836059570312e-06,0.0028680029790848,8.275737855001353e-07,32,exact_low_rank_algebraic_identity,False
768,768,32,8,float32,dense_randomized_svd,success,0.0,9.343805231765144e-07,9.5367431640625e-07,0.002783631440252,1.005933199849096e-06,32,exact_low_rank_algebraic_identity,False
768,768,32,8,float32,canonical_factor_space,success,0.9389849035117018,0.9236214756965636,0.915347158908844,0.0029900998342782,1.4975908015912864e-05,32,exact_low_rank_algebraic_identity,False
768,768,32,8,float32,pairwise_reference_alignment,success,0.0,8.018654966690519e-07,8.940696716308594e-07,0.0028887109365314,7.832080882508308e-06,32,exact_low_rank_algebraic_identity,False
768,768,32,8,float32,global_synchronization,success,0.0,7.850715633139771e-07,7.748603820800781e-07,0.0028680029790848,7.831710718164686e-06,32,exact_low_rank_algebraic_identity,False
768,768,32,8,float32,cycle_aware_alignment,success,0.0,7.850715633139771e-07,7.748603820800781e-07,0.0028680029790848,7.831710718164686e-06,32,exact_low_rank_algebraic_identity,False
768,768,32,16,float32,naive_factor_average,success,0.9580396047554536,0.944689691066742,0.6155197620391846,0.0028049622196704,4.650024890899658,32,exact_low_rank_algebraic_identity,False
768,768,32,16,float32,dense_deterministic_truncated_svd,success,0.0,1.020046056510182e-06,8.344650268554688e-07,0.0028471443802118,8.773808417572582e-07,32,exact_low_rank_algebraic_identity,False
768,768,32,16,float32,dense_randomized_svd,success,0.0,1.05305468878214e-06,6.854534149169922e-07,0.003049315419048,1.1177438636877923e-06,32,exact_low_rank_algebraic_identity,False
768,768,32,16,float32,canonical_factor_space,success,0.9647786618315556,0.9497981667518616,0.6685585379600525,0.0029092712793499,1.1949962754442822e-05,32,exact_low_rank_algebraic_identity,False
768,768,32,16,float32,pairwise_reference_alignment,success,0.0,9.227541681866568e-07,9.5367431640625e-07,0.0029092712793499,9.739590495883022e-06,32,exact_low_rank_algebraic_identity,False
768,768,32,16,float32,global_synchronization,success,0.0,8.824128485684923e-07,5.960464477539062e-07,0.0029296875,9.787707313080318e-06,32,exact_low_rank_algebraic_identity,False
768,768,32,16,float32,cycle_aware_alignment,success,0.0,8.824128485684923e-07,5.960464477539062e-07,0.0029296875,9.787707313080318e-06,32,exact_low_rank_algebraic_identity,False
1024,1024,4,4,float32,naive_factor_average,success,0.7405124494531217,0.6446295380592346,3.773438692092895,0.0009134905994869,6.397917747497559,4,exact_low_rank_algebraic_identity,False
1024,1024,4,4,float32,dense_deterministic_truncated_svd,success,0.0003249665459083,1.0954204299196135e-06,7.599592208862305e-06,0.0009134905994869,5.603591830549703e-07,4,exact_low_rank_algebraic_identity,False
1024,1024,4,4,float32,dense_randomized_svd,success,0.0003249665459083,9.87801968221902e-07,6.4373016357421875e-06,0.001091830083169,1.2368853958832917e-06,4,exact_low_rank_algebraic_identity,False
1024,1024,4,4,float32,canonical_factor_space,success,0.831866229984078,0.6967666149139404,3.960637092590332,0.0010358009021729,5.228696409176337e-06,4,exact_low_rank_algebraic_identity,False
1024,1024,4,4,float32,pairwise_reference_alignment,success,0.0,8.347394100383099e-07,5.0067901611328125e-06,0.0006905339541845,4.703774266090477e-06,4,exact_low_rank_algebraic_identity,False
1024,1024,4,4,float32,global_synchronization,success,0.0,8.972027103482105e-07,5.345791578292847e-06,0.0006905339541845,4.776154582941672e-06,4,exact_low_rank_algebraic_identity,False
1024,1024,4,4,float32,cycle_aware_alignment,success,0.0,8.972027103482105e-07,5.345791578292847e-06,0.0006905339541845,4.776154582941672e-06,4,exact_low_rank_algebraic_identity,False
1024,1024,4,8,float32,naive_factor_average,success,0.8279844291996731,0.7719956636428833,2.805494546890259,0.0013372133253142,4.56117057800293,4,exact_low_rank_algebraic_identity,False
1024,1024,4,8,float32,dense_deterministic_truncated_svd,success,0.0,1.058902398654027e-06,6.67572021484375e-06,0.0011451210593804,6.016849170009664e-07,4,exact_low_rank_algebraic_identity,False
1024,1024,4,8,float32,dense_randomized_svd,success,0.0,9.484741099186068e-07,4.5299530029296875e-06,0.0011451210593804,1.0876862006625745e-06,4,exact_low_rank_algebraic_identity,False
1024,1024,4,8,float32,canonical_factor_space,success,0.9015465465213436,0.92355215549469,4.062528610229492,0.0006905339541845,4.675256604969036e-06,4,exact_low_rank_algebraic_identity,False
1024,1024,4,8,float32,pairwise_reference_alignment,success,0.0,7.469317324648728e-07,3.337860107421875e-06,0.0,4.931936928187497e-06,4,exact_low_rank_algebraic_identity,False
1024,1024,4,8,float32,global_synchronization,success,0.0003272485388201,8.503347999067046e-07,4.0531158447265625e-06,0.0,4.9518812375026755e-06,4,exact_low_rank_algebraic_identity,False
1024,1024,4,8,float32,cycle_aware_alignment,success,0.0003272485388201,8.503347999067046e-07,4.0531158447265625e-06,0.0,4.9518812375026755e-06,4,exact_low_rank_algebraic_identity,False
1024,1024,4,16,float32,naive_factor_average,success,0.8720357743311187,0.8076274394989014,2.614356517791748,0.0014235721901059,3.779695749282837,4,exact_low_rank_algebraic_identity,False
1024,1024,4,16,float32,dense_deterministic_truncated_svd,success,0.0003201334655963,9.55001496549812e-07,3.2186508178710938e-06,0.0003452669770922,4.808996436622692e-07,4,exact_low_rank_algebraic_identity,False
1024,1024,4,16,float32,dense_randomized_svd,success,0.0003201334655963,1.1144664995299536e-06,4.76837158203125e-06,0.0003452669770922,1.1167157936142758e-06,4,exact_low_rank_algebraic_identity,False
1024,1024,4,16,float32,canonical_factor_space,success,0.9193448579181964,0.7329675555229187,2.044381618499756,0.001381067908369,1.1866522072523368e-05,4,exact_low_rank_algebraic_identity,False
1024,1024,4,16,float32,pairwise_reference_alignment,success,0.0,8.895655696505855e-07,3.688037395477295e-06,0.0003452669770922,4.75694196211407e-06,4,exact_low_rank_algebraic_identity,False
1024,1024,4,16,float32,global_synchronization,success,0.0,7.779722750456131e-07,2.868473529815674e-06,0.0,4.8201382014667615e-06,4,exact_low_rank_algebraic_identity,False
1024,1024,4,16,float32,cycle_aware_alignment,success,0.0,7.779722750456131e-07,2.868473529815674e-06,0.0,4.8201382014667615e-06,4,exact_low_rank_algebraic_identity,False
1024,1024,8,4,float32,naive_factor_average,success,0.8283558343650078,0.7785598039627075,3.5358364582061768,0.0013372133253142,5.1085638999938965,8,exact_low_rank_algebraic_identity,False
1024,1024,8,4,float32,dense_deterministic_truncated_svd,success,0.0004554136144426,1.0338278570998227e-06,4.291534423828125e-06,0.0017605230677872,6.777701742066711e-07,8,exact_low_rank_algebraic_identity,False
1024,1024,8,4,float32,dense_randomized_svd,success,0.0,9.53717972151935e-07,3.5762786865234375e-06,0.0018911052029579,1.1047834505006904e-06,8,exact_low_rank_algebraic_identity,False
1024,1024,8,4,float32,canonical_factor_space,success,0.8673168308291102,0.8243197202682495,2.8211071491241455,0.001381067908369,7.199051651696209e-06,8,exact_low_rank_algebraic_identity,False
1024,1024,8,4,float32,pairwise_reference_alignment,success,0.0005577654886505,8.681799954501912e-07,3.814697265625e-06,0.001091830083169,1.6154129980350262e-06,8,exact_low_rank_algebraic_identity,False
1024,1024,8,4,float32,global_synchronization,success,0.000322026055017,8.176863843800675e-07,3.5762786865234375e-06,0.0010358009021729,1.69522468240757e-06,8,exact_low_rank_algebraic_identity,False
1024,1024,8,4,float32,cycle_aware_alignment,success,0.000322026055017,8.176863843800675e-07,3.5762786865234375e-06,0.0010358009021729,1.69522468240757e-06,8,exact_low_rank_algebraic_identity,False
1024,1024,8,8,float32,naive_factor_average,success,0.9052974657264766,0.8715697526931763,2.651181936264038,0.0012918707216158,5.416891098022461,8,exact_low_rank_algebraic_identity,False
1024,1024,8,8,float32,dense_deterministic_truncated_svd,success,0.0,1.1375478834452224e-06,3.5762786865234375e-06,0.001381067908369,6.875234248582274e-07,8,exact_low_rank_algebraic_identity,False
1024,1024,8,8,float32,dense_randomized_svd,success,0.0,1.0309187246093645e-06,3.0994415283203125e-06,0.0015049838693812,1.1681130445140298e-06,8,exact_low_rank_algebraic_identity,False
1024,1024,8,8,float32,canonical_factor_space,success,0.8910379606030511,0.8782021999359131,2.4412899017333984,0.0016914558364078,5.054087523603812e-06,8,exact_low_rank_algebraic_identity,False
1024,1024,8,8,float32,pairwise_reference_alignment,success,0.0003231025697207,8.493965424349881e-07,2.5033950805664062e-06,0.0018911052029579,2.141707227565348e-06,8,exact_low_rank_algebraic_identity,False
1024,1024,8,8,float32,global_synchronization,success,0.0003231025697207,8.744331694288121e-07,2.384185791015625e-06,0.0018911052029579,2.0783977561222855e-06,8,exact_low_rank_algebraic_identity,False
1024,1024,8,8,float32,cycle_aware_alignment,success,0.0003231025697207,8.744331694288121e-07,2.384185791015625e-06,0.0018911052029579,2.0783977561222855e-06,8,exact_low_rank_algebraic_identity,False
1024,1024,8,16,float32,naive_factor_average,success,0.9312252959846352,0.8645130395889282,1.8784979581832888,0.0017940598772838,3.4717812538146973,8,exact_low_rank_algebraic_identity,False
1024,1024,8,16,float32,dense_deterministic_truncated_svd,success,0.0003269859783149,1.034430511026585e-06,2.9802322387695312e-06,0.001726334914565,6.331260919978376e-07,8,exact_low_rank_algebraic_identity,False
1024,1024,8,16,float32,dense_randomized_svd,success,0.0,1.0781054697872603e-06,2.384185791015625e-06,0.001953125,1.1861591246997705e-06,8,exact_low_rank_algebraic_identity,False
1024,1024,8,16,float32,canonical_factor_space,success,0.9429604810302828,0.9286488890647888,1.8232660293579104,0.0021001771092414,9.176097591989674e-06,8,exact_low_rank_algebraic_identity,False
1024,1024,8,16,float32,pairwise_reference_alignment,success,0.0,9.697146197140682e-07,2.7418136596679688e-06,0.0015440809074789,2.286426251885132e-06,8,exact_low_rank_algebraic_identity,False
1024,1024,8,16,float32,global_synchronization,success,0.0,9.96018570731394e-07,2.7418136596679688e-06,0.0015049838693812,2.2527301553054713e-06,8,exact_low_rank_algebraic_identity,False
1024,1024,8,16,float32,cycle_aware_alignment,success,0.0,9.96018570731394e-07,2.7418136596679688e-06,0.0015049838693812,2.2527301553054713e-06,8,exact_low_rank_algebraic_identity,False
1024,1024,16,4,float32,naive_factor_average,success,0.8850287904170457,0.8704450130462646,2.1648809909820557,0.0025837414432317,4.82379150390625,16,exact_low_rank_algebraic_identity,False
1024,1024,16,4,float32,dense_deterministic_truncated_svd,success,0.0003237130276083,1.08428287148854e-06,3.2782554626464844e-06,0.0024897556286305,8.199799594876822e-07,16,exact_low_rank_algebraic_identity,False
1024,1024,16,4,float32,dense_randomized_svd,success,0.0004577993539605,1.0948833732982166e-06,2.6226043701171875e-06,0.0025135816540569,1.1521506166900508e-06,16,exact_low_rank_algebraic_identity,False
1024,1024,16,4,float32,canonical_factor_space,success,0.8645199140179077,0.8542737364768982,2.2012572288513184,0.0022107874974608,8.044703463383485e-06,16,exact_low_rank_algebraic_identity,False
1024,1024,16,4,float32,pairwise_reference_alignment,success,0.0003237130276083,8.648385687592963e-07,1.9073486328125e-06,0.0019223651615902,9.478735591983424e-06,16,exact_low_rank_algebraic_identity,False
1024,1024,16,4,float32,global_synchronization,success,0.0004577993539605,8.607469794696954e-07,1.7881393432617188e-06,0.0019223651615902,9.542520274408162e-06,16,exact_low_rank_algebraic_identity,False
1024,1024,16,4,float32,cycle_aware_alignment,success,0.0004577993539605,8.607469794696954e-07,1.7881393432617188e-06,0.0019223651615902,9.542520274408162e-06,16,exact_low_rank_algebraic_identity,False
1024,1024,16,8,float32,naive_factor_average,success,0.9180224446137524,0.9464133381843568,1.6985911130905151,0.002316121244803,4.840367794036865,16,exact_low_rank_algebraic_identity,False
1024,1024,16,8,float32,dense_deterministic_truncated_svd,success,0.0,1.0079675121232867e-06,2.3245811462402344e-06,0.0024168689269572,6.921396789039136e-07,16,exact_low_rank_algebraic_identity,False
1024,1024,16,8,float32,dense_randomized_svd,success,0.0,1.076747366823838e-06,2.0265579223632812e-06,0.0022640670649707,1.1402488553358126e-06,16,exact_low_rank_algebraic_identity,False
1024,1024,16,8,float32,canonical_factor_space,success,0.9351519038966116,0.9293127059936525,1.6669869422912598,0.0021561915054917,1.0859695066756103e-05,16,exact_low_rank_algebraic_identity,False
1024,1024,16,8,float32,pairwise_reference_alignment,success,0.0006404666018112,9.326817576038592e-07,2.0265579223632812e-06,0.0027404716238379,9.7002848633565e-06,16,exact_low_rank_algebraic_identity,False
1024,1024,16,8,float32,global_synchronization,success,0.0006404666018112,9.157233193946012e-07,1.96695327758789e-06,0.0026966212317347,9.669611245044509e-06,16,exact_low_rank_algebraic_identity,False
1024,1024,16,8,float32,cycle_aware_alignment,success,0.0006404666018112,9.157233193946012e-07,1.96695327758789e-06,0.0026966212317347,9.669611245044509e-06,16,exact_low_rank_algebraic_identity,False
1024,1024,16,16,float32,naive_factor_average,success,0.9544785941714165,0.9693365097045898,1.1299937963485718,0.0018911052029579,4.807046890258789,16,exact_low_rank_algebraic_identity,False
1024,1024,16,16,float32,dense_deterministic_truncated_svd,success,0.0,1.0930726830338244e-06,1.2516975402832031e-06,0.0022375858388841,7.275832558661932e-07,16,exact_low_rank_algebraic_identity,False
1024,1024,16,16,float32,dense_randomized_svd,success,0.0,1.1162341024828493e-06,1.453561708331108e-06,0.0021283687092363,1.20182812679559e-06,16,exact_low_rank_algebraic_identity,False
1024,1024,16,16,float32,canonical_factor_space,success,0.9670703232090988,0.9609434008598328,1.1466859579086304,0.001726334914565,1.423871890438022e-05,16,exact_low_rank_algebraic_identity,False
1024,1024,16,16,float32,pairwise_reference_alignment,success,0.0005623252022393,9.522782420390286e-07,1.1920928955078125e-06,0.0023920799139887,1.1781519788200969e-05,16,exact_low_rank_algebraic_identity,False
1024,1024,16,16,float32,global_synchronization,success,0.0004591366049979,9.345103535451926e-07,1.5497207641601562e-06,0.0023920799139887,1.1689744496834464e-05,16,exact_low_rank_algebraic_identity,False
1024,1024,16,16,float32,cycle_aware_alignment,success,0.0004591366049979,9.345103535451926e-07,1.5497207641601562e-06,0.0023920799139887,1.1689744496834464e-05,16,exact_low_rank_algebraic_identity,False
1024,1024,32,4,float32,naive_factor_average,success,0.8579483590218135,0.8375506401062012,1.439716935157776,0.0031265255529433,3.873861074447632,32,exact_low_rank_algebraic_identity,False
1024,1024,32,4,float32,dense_deterministic_truncated_svd,success,0.0,1.18987804853532e-06,1.8477439880371096e-06,0.0031832042150199,9.417613000550772e-07,32,exact_low_rank_algebraic_identity,False
1024,1024,32,4,float32,dense_randomized_svd,success,0.0,1.1355978131177835e-06,2.205371856689453e-06,0.0032204359304159,1.249208935405477e-06,32,exact_low_rank_algebraic_identity,False
1024,1024,32,4,float32,canonical_factor_space,success,0.8713831890530839,0.8638098835945129,1.312868595123291,0.0031455319840461,1.510674428573111e-05,32,exact_low_rank_algebraic_identity,False
1024,1024,32,4,float32,pairwise_reference_alignment,success,0.0,9.51869253640325e-07,1.5348196029663086e-06,0.0029296875,9.053948815562762e-06,32,exact_low_rank_algebraic_identity,False
1024,1024,32,4,float32,global_synchronization,success,0.0,9.264747973247722e-07,1.4454126358032229e-06,0.0028887109365314,9.016426702146418e-06,32,exact_low_rank_algebraic_identity,False
1024,1024,32,4,float32,cycle_aware_alignment,success,0.0,9.264747973247722e-07,1.4454126358032229e-06,0.0028887109365314,9.016426702146418e-06,32,exact_low_rank_algebraic_identity,False
1024,1024,32,8,float32,naive_factor_average,success,0.927332502276611,0.9254282116889954,0.9283649921417236,0.0028887109365314,4.504181385040283,32,exact_low_rank_algebraic_identity,False
1024,1024,32,8,float32,dense_deterministic_truncated_svd,success,0.0,1.1523807188495994e-06,1.3709068298339844e-06,0.0029700989834964,8.738958854337397e-07,32,exact_low_rank_algebraic_identity,False
1024,1024,32,8,float32,dense_randomized_svd,success,0.0,1.17712761493749e-06,1.3113021850585938e-06,0.0030688000842928,1.2249280416654074e-06,32,exact_low_rank_algebraic_identity,False
1024,1024,32,8,float32,canonical_factor_space,success,0.9262741742987776,0.951961636543274,0.9721432328224182,0.0033652463462203,1.8471971998224035e-05,32,exact_low_rank_algebraic_identity,False
1024,1024,32,8,float32,pairwise_reference_alignment,success,0.0,1.020959643938113e-06,1.2032687664031982e-06,0.0026294749695807,8.507846359862015e-06,32,exact_low_rank_algebraic_identity,False
1024,1024,32,8,float32,global_synchronization,success,0.0,1.0242600865240092e-06,1.3485550880432129e-06,0.0025135816540569,8.564261406718288e-06,32,exact_low_rank_algebraic_identity,False
1024,1024,32,8,float32,cycle_aware_alignment,success,0.0,1.0242600865240092e-06,1.3485550880432129e-06,0.0025135816540569,8.564261406718288e-06,32,exact_low_rank_algebraic_identity,False
1024,1024,32,16,float32,naive_factor_average,success,0.965200540851106,0.961449921131134,0.8273433446884155,0.0035040772054344,4.458384037017822,32,exact_low_rank_algebraic_identity,False
1024,1024,32,16,float32,dense_deterministic_truncated_svd,success,0.0,1.116026396630332e-06,9.83476638793945e-07,0.0029700989834964,8.977294783107936e-07,32,exact_low_rank_algebraic_identity,False
1024,1024,32,16,float32,dense_randomized_svd,success,0.0,1.1288126415820443e-06,1.132488250732422e-06,0.0031832042150199,1.2456807780836243e-06,32,exact_low_rank_algebraic_identity,False
1024,1024,32,16,float32,canonical_factor_space,success,0.9715769814340404,0.962637424468994,0.8805972337722778,0.003257242264226,2.181314630433917e-05,32,exact_low_rank_algebraic_identity,False
1024,1024,32,16,float32,pairwise_reference_alignment,success,0.0,9.458880185775342e-07,8.344650268554688e-07,0.0027186349034309,9.971785402740352e-06,32,exact_low_rank_algebraic_identity,False
1024,1024,32,16,float32,global_synchronization,success,0.0003205854136113,9.2768243575847e-07,1.0728836059570312e-06,0.0026966212317347,1.0017543900175951e-05,32,exact_low_rank_algebraic_identity,False
1024,1024,32,16,float32,cycle_aware_alignment,success,0.0003205854136113,9.2768243575847e-07,1.0728836059570312e-06,0.0026966212317347,1.0017543900175951e-05,32,exact_low_rank_algebraic_identity,False
2048,2048,4,4,float32,naive_factor_average,success,0.8370262895969856,0.8742880821228027,7.690595149993896,0.0015822120476514,6.1193108558654785,4,exact_low_rank_algebraic_identity,False
2048,2048,4,4,float32,dense_deterministic_truncated_svd,success,0.0003225100597626,1.2731167089441442e-06,1.3828277587890623e-05,0.0015440809074789,6.422000637940073e-07,4,exact_low_rank_algebraic_identity,False
2048,2048,4,4,float32,dense_randomized_svd,success,0.0,1.3973265140521107e-06,1.1086463928222656e-05,0.0016914558364078,1.7060878008123836e-06,4,exact_low_rank_algebraic_identity,False
2048,2048,4,4,float32,canonical_factor_space,success,0.5666026775781364,0.5216825008392334,4.255273818969727,0.0013372133253142,2.3929920644150116e-05,4,exact_low_rank_algebraic_identity,False
2048,2048,4,4,float32,pairwise_reference_alignment,success,0.0,8.77733327797614e-07,7.271766662597656e-06,0.001381067908369,5.574954684561817e-06,4,exact_low_rank_algebraic_identity,False
2048,2048,4,4,float32,global_synchronization,success,0.0,8.81197252056154e-07,8.58306884765625e-06,0.0015049838693812,5.5977429838094395e-06,4,exact_low_rank_algebraic_identity,False
2048,2048,4,4,float32,cycle_aware_alignment,success,0.0,8.81197252056154e-07,8.58306884765625e-06,0.0015049838693812,5.5977429838094395e-06,4,exact_low_rank_algebraic_identity,False
2048,2048,4,8,float32,naive_factor_average,success,0.8723194220207716,0.8332985043525696,6.089836597442627,0.001381067908369,5.829507827758789,4,exact_low_rank_algebraic_identity,False
2048,2048,4,8,float32,dense_deterministic_truncated_svd,success,0.0,1.435736294297385e-06,1.1801719665527344e-05,0.0008457279182039,6.004731289976917e-07,4,exact_low_rank_algebraic_identity,False
2048,2048,4,8,float32,dense_randomized_svd,success,0.0,1.3037137023275136e-06,9.5367431640625e-06,0.00048828125,1.413489712831506e-06,4,exact_low_rank_algebraic_identity,False
2048,2048,4,8,float32,canonical_factor_space,success,0.8678318649050024,0.8550575375556946,6.524177074432373,0.0010358009021729,9.69738630374195e-06,4,exact_low_rank_algebraic_identity,False
2048,2048,4,8,float32,pairwise_reference_alignment,success,0.0004584840202433,1.0564723424977274e-06,8.165836334228516e-06,0.0009765625,3.533886456352775e-06,4,exact_low_rank_algebraic_identity,False
2048,2048,4,8,float32,global_synchronization,success,0.0004584840202433,1.0413291420263704e-06,7.867813110351562e-06,0.0009765625,3.4020144994428847e-06,4,exact_low_rank_algebraic_identity,False
2048,2048,4,8,float32,cycle_aware_alignment,success,0.0004584840202433,1.0413291420263704e-06,7.867813110351562e-06,0.0009765625,3.4020144994428847e-06,4,exact_low_rank_algebraic_identity,False
2048,2048,4,16,float32,naive_factor_average,success,0.8524140044448729,0.8119828104972839,3.4843790531158447,0.0015440809074789,3.0046706199645996,4,exact_low_rank_algebraic_identity,False
2048,2048,4,16,float32,dense_deterministic_truncated_svd,success,0.0006429020573669,1.2184955267002806e-06,5.4836273193359375e-06,0.0020716018043458,5.566764116338163e-07,4,exact_low_rank_algebraic_identity,False
2048,2048,4,16,float32,dense_randomized_svd,success,0.0,1.1920983524760231e-06,6.9141387939453125e-06,0.0018269811989739,1.4287996918938006e-06,4,exact_low_rank_algebraic_identity,False
2048,2048,4,16,float32,canonical_factor_space,success,0.9672188365418448,0.995457410812378,4.207808494567871,0.0011451210593804,1.1533983524714133e-05,4,exact_low_rank_algebraic_identity,False
2048,2048,4,16,float32,pairwise_reference_alignment,success,0.0,1.033735088640242e-06,4.5299530029296875e-06,0.0015049838693812,3.1474100978812203e-06,4,exact_low_rank_algebraic_identity,False
2048,2048,4,16,float32,global_synchronization,success,0.0,9.23237223560136e-07,3.725290298461914e-06,0.00146484375,3.2016157547332114e-06,4,exact_low_rank_algebraic_identity,False
2048,2048,4,16,float32,cycle_aware_alignment,success,0.0,9.23237223560136e-07,3.725290298461914e-06,0.00146484375,3.2016157547332114e-06,4,exact_low_rank_algebraic_identity,False
2048,2048,8,4,float32,naive_factor_average,success,0.8254782873982944,0.8315063118934631,4.236974716186523,0.0017605230677872,3.466555118560791,8,exact_low_rank_algebraic_identity,False
2048,2048,8,4,float32,dense_deterministic_truncated_svd,success,0.0006448475989447,1.518243266218633e-06,8.106231689453125e-06,0.0022902421187609,7.648451401109924e-07,8,exact_low_rank_algebraic_identity,False
2048,2048,8,4,float32,dense_randomized_svd,success,0.000720961533184,1.4702472981298342e-06,9.953975677490234e-06,0.0022902421187609,1.498991309745179e-06,8,exact_low_rank_algebraic_identity,False
2048,2048,8,4,float32,canonical_factor_space,success,0.8889741920695416,0.896308422088623,5.154210090637207,0.0012448778143152,1.0182200639974326e-05,8,exact_low_rank_algebraic_identity,False
2048,2048,8,4,float32,pairwise_reference_alignment,success,0.0004559761100457,1.0845004680959391e-06,5.7220458984375e-06,0.0019223651615902,1.7195384316437412e-06,8,exact_low_rank_algebraic_identity,False
2048,2048,8,4,float32,global_synchronization,success,0.0,1.0637631930876523e-06,5.9604644775390625e-06,0.0019223651615902,1.6797790749478736e-06,8,exact_low_rank_algebraic_identity,False
2048,2048,8,4,float32,cycle_aware_alignment,success,0.0,1.0637631930876523e-06,5.9604644775390625e-06,0.0019223651615902,1.6797790749478736e-06,8,exact_low_rank_algebraic_identity,False
2048,2048,8,8,float32,naive_factor_average,success,0.8965948399328754,0.9123920798301696,3.682321071624756,0.0016558422939851,4.106916904449463,8,exact_low_rank_algebraic_identity,False
2048,2048,8,8,float32,dense_deterministic_truncated_svd,success,0.0,1.519686065876158e-06,6.9141387939453125e-06,0.0014235721901059,7.306721840905084e-07,8,exact_low_rank_algebraic_identity,False
2048,2048,8,8,float32,dense_randomized_svd,success,0.0,1.3178503195376834e-06,5.364418029785156e-06,0.00146484375,1.40717042995675e-06,8,exact_low_rank_algebraic_identity,False
2048,2048,8,8,float32,canonical_factor_space,success,0.938452318252476,0.9219767451286316,3.7733116149902344,0.0018593196291476,8.716524462215602e-06,8,exact_low_rank_algebraic_identity,False
2048,2048,8,8,float32,pairwise_reference_alignment,success,0.0,1.1788232541221078e-06,5.602836608886719e-06,0.0013372133253142,1.936723492690362e-06,8,exact_low_rank_algebraic_identity,False
2048,2048,8,8,float32,global_synchronization,success,0.0,1.071075757863582e-06,5.245208740234375e-06,0.00146484375,1.826694074225088e-06,8,exact_low_rank_algebraic_identity,False
2048,2048,8,8,float32,cycle_aware_alignment,success,0.0,1.071075757863582e-06,5.245208740234375e-06,0.00146484375,1.826694074225088e-06,8,exact_low_rank_algebraic_identity,False
2048,2048,8,16,float32,naive_factor_average,success,0.9237640593406384,0.8723874092102051,2.8246190547943115,0.00146484375,4.780627727508545,8,exact_low_rank_algebraic_identity,False
2048,2048,8,16,float32,dense_deterministic_truncated_svd,success,0.0,1.3438462929116213e-06,4.060566425323486e-06,0.0020426269620656,7.140266689020791e-07,8,exact_low_rank_algebraic_identity,False
2048,2048,8,16,float32,dense_randomized_svd,success,0.0,1.4692244576508529e-06,4.291534423828125e-06,0.0016914558364078,1.594970740370627e-06,8,exact_low_rank_algebraic_identity,False
2048,2048,8,16,float32,canonical_factor_space,success,0.9474760214996736,0.9398455619812012,2.8721938133239746,0.0020716018043458,1.052877905749483e-05,8,exact_low_rank_algebraic_identity,False
2048,2048,8,16,float32,pairwise_reference_alignment,success,0.0,1.3068611224298363e-06,3.2186508178710938e-06,0.0024897556286305,2.924683485616697e-06,8,exact_low_rank_algebraic_identity,False
2048,2048,8,16,float32,global_synchronization,success,0.0,1.134515855483187e-06,3.0994415283203125e-06,0.0024656993336975,2.7186388251720928e-06,8,exact_low_rank_algebraic_identity,False
2048,2048,8,16,float32,cycle_aware_alignment,success,0.0,1.134515855483187e-06,3.0994415283203125e-06,0.0024656993336975,2.7186388251720928e-06,8,exact_low_rank_algebraic_identity,False
2048,2048,16,4,float32,naive_factor_average,success,0.8551398806473637,0.8226061463356018,2.887279510498047,0.0025605685077607,5.062471866607666,16,exact_low_rank_algebraic_identity,False
2048,2048,16,4,float32,dense_deterministic_truncated_svd,success,0.0,1.4371535144164227e-06,5.245208740234375e-06,0.0024656993336975,7.767034162498021e-07,16,exact_low_rank_algebraic_identity,False
2048,2048,16,4,float32,dense_randomized_svd,success,0.0,1.3561409559770254e-06,5.7220458984375e-06,0.0023417146876454,1.4874356111249654e-06,16,exact_low_rank_algebraic_identity,False
2048,2048,16,4,float32,canonical_factor_space,success,0.8736817697525874,0.8316758871078491,3.3515470027923584,0.0026744266506284,2.625669185363222e-05,16,exact_low_rank_algebraic_identity,False
2048,2048,16,4,float32,pairwise_reference_alignment,success,0.0,1.040971937982249e-06,4.291534423828125e-06,0.002762135816738,2.1845778974238783e-05,16,exact_low_rank_algebraic_identity,False
2048,2048,16,4,float32,global_synchronization,success,0.0,1.0342454288547742e-06,5.0067901611328125e-06,0.0027404716238379,2.1867761461180635e-05,16,exact_low_rank_algebraic_identity,False
2048,2048,16,4,float32,cycle_aware_alignment,success,0.0,1.0342454288547742e-06,5.0067901611328125e-06,0.0027404716238379,2.1867761461180635e-05,16,exact_low_rank_algebraic_identity,False
2048,2048,16,8,float32,naive_factor_average,success,0.9247171837819608,0.90502268075943,2.539970874786377,0.0028887109365314,4.5355072021484375,16,exact_low_rank_algebraic_identity,False
2048,2048,16,8,float32,dense_deterministic_truncated_svd,success,0.0,1.3136973393557128e-06,3.993511199951172e-06,0.0025837414432317,6.612486345147772e-07,16,exact_low_rank_algebraic_identity,False
2048,2048,16,8,float32,dense_randomized_svd,success,0.0,1.2631319350475678e-06,3.933906555175781e-06,0.0021001771092414,1.4670480368295102e-06,16,exact_low_rank_algebraic_identity,False
2048,2048,16,8,float32,canonical_factor_space,success,0.9259200174596736,0.9534497857093812,2.9173669815063477,0.0022375858388841,1.125701419368852e-05,16,exact_low_rank_algebraic_identity,False
2048,2048,16,8,float32,pairwise_reference_alignment,success,0.0003232732794486,9.322913001597044e-07,4.0531158447265625e-06,0.0028680029790848,1.5067955246195195e-05,16,exact_low_rank_algebraic_identity,False
2048,2048,16,8,float32,global_synchronization,success,0.0,8.715065291653445e-07,3.5762786865234375e-06,0.0029296875,1.5073100257723128e-05,16,exact_low_rank_algebraic_identity,False
2048,2048,16,8,float32,cycle_aware_alignment,success,0.0,8.715065291653445e-07,3.5762786865234375e-06,0.0029296875,1.5073100257723128e-05,16,exact_low_rank_algebraic_identity,False
2048,2048,16,16,float32,naive_factor_average,success,0.9553333310575388,0.9547120332717896,1.8516077995300293,0.0024656993336975,4.312385559082031,16,exact_low_rank_algebraic_identity,False
2048,2048,16,16,float32,dense_deterministic_truncated_svd,success,0.0,1.390780880683451e-06,3.2186508178710938e-06,0.0022107874974608,6.41891858776944e-07,16,exact_low_rank_algebraic_identity,False
2048,2048,16,16,float32,dense_randomized_svd,success,0.0,1.3427170415525325e-06,2.682209014892578e-06,0.0025837414432317,1.4754945141248754e-06,16,exact_low_rank_algebraic_identity,False
2048,2048,16,16,float32,canonical_factor_space,success,0.9626568027423285,0.9676647186279296,1.768750786781311,0.0028261321131139,1.8257320334669203e-05,16,exact_low_rank_algebraic_identity,False
2048,2048,16,16,float32,pairwise_reference_alignment,success,0.0004553482430893,1.1151665830766433e-06,2.086162567138672e-06,0.002537183696404,1.6386911738663912e-05,16,exact_low_rank_algebraic_identity,False
2048,2048,16,16,float32,global_synchronization,success,0.0003219798304898,1.1109034403489204e-06,2.391636371612549e-06,0.0024168689269572,1.634478394407779e-05,16,exact_low_rank_algebraic_identity,False
2048,2048,16,16,float32,cycle_aware_alignment,success,0.0003219798304898,1.1109034403489204e-06,2.391636371612549e-06,0.0024168689269572,1.634478394407779e-05,16,exact_low_rank_algebraic_identity,False
2048,2048,32,4,float32,naive_factor_average,success,0.8550724150060175,0.8766009211540222,2.019399881362915,0.003621190553531,4.1781415939331055,32,exact_low_rank_algebraic_identity,False
2048,2048,32,4,float32,dense_deterministic_truncated_svd,success,0.0,1.4085489965509623e-06,3.75509262084961e-06,0.0034698902163654,1.0528037819312883e-06,32,exact_low_rank_algebraic_identity,False
2048,2048,32,4,float32,dense_randomized_svd,success,0.0,1.482578909417498e-06,4.231929779052734e-06,0.0034870256204158,1.6468071635244996e-06,32,exact_low_rank_algebraic_identity,False
2048,2048,32,4,float32,canonical_factor_space,success,0.8676878827804255,0.854607105255127,2.5103964805603027,0.003936649300158,1.7185166143462993e-05,32,exact_low_rank_algebraic_identity,False
2048,2048,32,4,float32,pairwise_reference_alignment,success,0.0,1.195131176245923e-06,3.0994415283203125e-06,0.0036539623979479,1.070633516064845e-05,32,exact_low_rank_algebraic_identity,False
2048,2048,32,4,float32,global_synchronization,success,0.0,1.1545712368388197e-06,3.0994415283203125e-06,0.0037664182018488,1.0728266715887004e-05,32,exact_low_rank_algebraic_identity,False
2048,2048,32,4,float32,cycle_aware_alignment,success,0.0,1.1545712368388197e-06,3.0994415283203125e-06,0.0037664182018488,1.0728266715887004e-05,32,exact_low_rank_algebraic_identity,False
2048,2048,32,8,float32,naive_factor_average,success,0.9267685150813588,0.9062012434005736,1.5901700258255005,0.0033652463462203,4.533575534820557,32,exact_low_rank_algebraic_identity,False
2048,2048,32,8,float32,dense_deterministic_truncated_svd,success,0.0,1.5087956626302912e-06,2.6226043701171875e-06,0.0034870256204158,1.0111040182891884e-06,32,exact_low_rank_algebraic_identity,False
2048,2048,32,8,float32,dense_randomized_svd,success,0.0,1.4312315670395035e-06,2.7418136596679688e-06,0.0034698902163654,1.6626696606181213e-06,32,exact_low_rank_algebraic_identity,False
2048,2048,32,8,float32,canonical_factor_space,success,0.940729104312958,0.9391903281211852,1.5340250730514526,0.0034698902163654,1.7587490219739266e-05,32,exact_low_rank_algebraic_identity,False
2048,2048,32,8,float32,pairwise_reference_alignment,success,0.0,1.2395046269375598e-06,2.4959444999694824e-06,0.0045017306692898,1.2032263839500956e-05,32,exact_low_rank_algebraic_identity,False
2048,2048,32,8,float32,global_synchronization,success,0.0,1.1604985274971114e-06,2.250075340270996e-06,0.00443503446877,1.1960583833570126e-05,32,exact_low_rank_algebraic_identity,False
2048,2048,32,8,float32,cycle_aware_alignment,success,0.0,1.1604985274971114e-06,2.250075340270996e-06,0.00443503446877,1.1960583833570126e-05,32,exact_low_rank_algebraic_identity,False
2048,2048,32,16,float32,naive_factor_average,success,0.9608024878753784,0.973992884159088,1.180544376373291,0.0039818133227527,4.560460567474365,32,exact_low_rank_algebraic_identity,False
2048,2048,32,16,float32,dense_deterministic_truncated_svd,success,0.0004571474786473,1.5158793758018874e-06,2.264976501464844e-06,0.0035547411534935,1.090013711291249e-06,32,exact_low_rank_algebraic_identity,False
2048,2048,32,16,float32,dense_randomized_svd,success,0.0,1.5147003296078765e-06,2.3245811462402344e-06,0.0035547411534935,1.7137205077233375e-06,32,exact_low_rank_algebraic_identity,False
2048,2048,32,16,float32,canonical_factor_space,success,0.9648952010648186,0.9740461111068726,1.1330103874206543,0.00353793380782,2.751109241216909e-05,32,exact_low_rank_algebraic_identity,False
2048,2048,32,16,float32,pairwise_reference_alignment,success,0.0,1.357592054773704e-06,2.6226043701171875e-06,0.0041575650684535,1.311405958404066e-05,32,exact_low_rank_algebraic_identity,False
2048,2048,32,16,float32,global_synchronization,success,0.0,1.2897193073513336e-06,2.682209014892578e-06,0.0040559684857726,1.308736318605952e-05,32,exact_low_rank_algebraic_identity,False
2048,2048,32,16,float32,cycle_aware_alignment,success,0.0,1.2897193073513336e-06,2.682209014892578e-06,0.0040559684857726,1.308736318605952e-05,32,exact_low_rank_algebraic_identity,False
4096,4096,4,4,float32,naive_factor_average,success,0.800158768521547,0.7388527989387512,10.012736320495604,0.0011960399569943,7.698807716369629,4,exact_low_rank_algebraic_identity,False
4096,4096,4,4,float32,dense_deterministic_truncated_svd,success,0.000723044894489,1.535086084913928e-06,2.47955322265625e-05,0.0023417146876454,5.447866442409577e-07,4,exact_low_rank_algebraic_identity,False
4096,4096,4,4,float32,dense_randomized_svd,success,0.0007920559976011,1.4203278624336235e-06,3.0517578125e-05,0.0023920799139887,1.8522525806474732e-06,4,exact_low_rank_algebraic_identity,False
4096,4096,4,4,float32,canonical_factor_space,success,0.6829113670532284,0.6571520566940308,10.438546180725098,0.0018911052029579,1.377434000460198e-05,4,exact_low_rank_algebraic_identity,False
4096,4096,4,4,float32,pairwise_reference_alignment,success,0.0,8.09472396667843e-07,1.0773539543151855e-05,0.00048828125,2.118693373631686e-06,4,exact_low_rank_algebraic_identity,False
4096,4096,4,4,float32,global_synchronization,success,0.0,7.425859962495451e-07,1.1444091796875e-05,0.00048828125,2.0640115963033168e-06,4,exact_low_rank_algebraic_identity,False
4096,4096,4,4,float32,cycle_aware_alignment,success,0.0,7.425859962495451e-07,1.1444091796875e-05,0.00048828125,2.0640115963033168e-06,4,exact_low_rank_algebraic_identity,False
4096,4096,4,8,float32,naive_factor_average,success,0.8828558030576147,0.9173333644866944,8.447340965270996,0.0018911052029579,4.139222145080566,4,exact_low_rank_algebraic_identity,False
4096,4096,4,8,float32,dense_deterministic_truncated_svd,success,0.0009768593650313,2.103092811012175e-06,1.5497207641601562e-05,0.001381067908369,6.459198402808397e-07,4,exact_low_rank_algebraic_identity,False
4096,4096,4,8,float32,dense_randomized_svd,success,0.0007976023315953,2.0942250102962134e-06,1.7642974853515625e-05,0.0015440809074789,2.168427727156086e-06,4,exact_low_rank_algebraic_identity,False
4096,4096,4,8,float32,canonical_factor_space,success,0.8717972115996484,0.9506234526634216,7.354386329650879,0.0017605230677872,8.047039045777638e-06,4,exact_low_rank_algebraic_identity,False
4096,4096,4,8,float32,pairwise_reference_alignment,success,0.0,1.62498474765016e-06,1.0751187801361084e-05,0.0020132351201027,6.495066827483242e-06,4,exact_low_rank_algebraic_identity,False
4096,4096,4,8,float32,global_synchronization,success,0.0,1.5076058161866968e-06,1.0013580322265623e-05,0.0018911052029579,6.161496457934845e-06,4,exact_low_rank_algebraic_identity,False
4096,4096,4,8,float32,cycle_aware_alignment,success,0.0,1.5076058161866968e-06,1.0013580322265623e-05,0.0018911052029579,6.161496457934845e-06,4,exact_low_rank_algebraic_identity,False
4096,4096,4,16,float32,naive_factor_average,success,0.8552088969480107,0.7308328151702881,4.397439002990723,0.0020426269620656,3.2684009075164795,4,exact_low_rank_algebraic_identity,False
4096,4096,4,16,float32,dense_deterministic_truncated_svd,success,0.0,1.8869244513552983e-06,1.1086463928222656e-05,0.0011960399569943,6.281154014686763e-07,4,exact_low_rank_algebraic_identity,False
4096,4096,4,16,float32,dense_randomized_svd,success,0.0,2.301690301464987e-06,1.7881393432617188e-05,0.0011960399569943,2.3728375708742533e-06,4,exact_low_rank_algebraic_identity,False
4096,4096,4,16,float32,canonical_factor_space,success,0.9103446319393126,0.9213231205940248,5.085282325744629,0.00146484375,9.139756912190933e-06,4,exact_low_rank_algebraic_identity,False
4096,4096,4,16,float32,pairwise_reference_alignment,success,0.0,1.6024172282413929e-06,1.3113021850585938e-05,0.0009134905994869,7.074994300637627e-06,4,exact_low_rank_algebraic_identity,False
4096,4096,4,16,float32,global_synchronization,success,0.0,1.4426815369006365e-06,1.0251998901367188e-05,0.0008457279182039,6.9366124080261216e-06,4,exact_low_rank_algebraic_identity,False
4096,4096,4,16,float32,cycle_aware_alignment,success,0.0,1.4426815369006365e-06,1.0251998901367188e-05,0.0008457279182039,6.9366124080261216e-06,4,exact_low_rank_algebraic_identity,False
4096,4096,8,4,float32,naive_factor_average,success,0.843654406841506,0.8976609706878662,6.405564308166504,0.002537183696404,4.3757171630859375,8,exact_low_rank_algebraic_identity,False
4096,4096,8,4,float32,dense_deterministic_truncated_svd,success,0.0004585230578422,1.9785441054409603e-06,1.5735626220703125e-05,0.0024897556286305,7.34964032744756e-07,8,exact_low_rank_algebraic_identity,False
4096,4096,8,4,float32,dense_randomized_svd,success,0.0003242247635306,1.9671056179504376e-06,1.430511474609375e-05,0.0026067085564136,2.0062996100023156e-06,8,exact_low_rank_algebraic_identity,False
4096,4096,8,4,float32,canonical_factor_space,success,0.8130863472839863,0.7837960720062256,5.830549716949463,0.0030297054909169,2.2429625460063107e-05,8,exact_low_rank_algebraic_identity,False
4096,4096,8,4,float32,pairwise_reference_alignment,success,0.0008578180931908,1.6746632809372386e-06,1.1682510375976562e-05,0.0023920799139887,2.1420460143417586e-06,8,exact_low_rank_algebraic_identity,False
4096,4096,8,4,float32,global_synchronization,success,0.0008578180931908,1.5918498093014932e-06,1.1801719665527344e-05,0.0023920799139887,2.1692858354072087e-06,8,exact_low_rank_algebraic_identity,False
4096,4096,8,4,float32,cycle_aware_alignment,success,0.0008578180931908,1.5918498093014932e-06,1.1801719665527344e-05,0.0023920799139887,2.1692858354072087e-06,8,exact_low_rank_algebraic_identity,False
4096,4096,8,8,float32,naive_factor_average,success,0.9319774580219572,0.9153311848640442,5.0249714851379395,0.0021561915054917,6.068844795227051,8,exact_low_rank_algebraic_identity,False
4096,4096,8,8,float32,dense_deterministic_truncated_svd,success,0.0,1.7671908381089452e-06,1.2516975402832031e-05,0.0024168689269572,6.469856543844799e-07,8,exact_low_rank_algebraic_identity,False
4096,4096,8,8,float32,dense_randomized_svd,success,0.0,1.8268149233335864e-06,1.0669231414794922e-05,0.00244140625,2.0496113393164705e-06,8,exact_low_rank_algebraic_identity,False
4096,4096,8,8,float32,canonical_factor_space,success,0.9024925899442948,0.9260154366493224,5.628952980041504,0.0022107874974608,1.6659851098665968e-05,8,exact_low_rank_algebraic_identity,False
4096,4096,8,8,float32,pairwise_reference_alignment,success,0.0005584495256739,1.232717295351904e-06,6.318092346191406e-06,0.0020426269620656,3.571293291315669e-06,8,exact_low_rank_algebraic_identity,False
4096,4096,8,8,float32,global_synchronization,success,0.0005584495256739,1.204723957926035e-06,6.9141387939453125e-06,0.0019223651615902,3.6782021197723225e-06,8,exact_low_rank_algebraic_identity,False
4096,4096,8,8,float32,cycle_aware_alignment,success,0.0005584495256739,1.204723957926035e-06,6.9141387939453125e-06,0.0019223651615902,3.6782021197723225e-06,8,exact_low_rank_algebraic_identity,False
4096,4096,8,16,float32,naive_factor_average,success,0.9388459188294048,1.0251529216766355,4.361151218414307,0.002762135816738,3.553743600845337,8,exact_low_rank_algebraic_identity,False
4096,4096,8,16,float32,dense_deterministic_truncated_svd,success,0.0,2.057296114799101e-06,8.773058652877808e-06,0.0021001771092414,6.56335487292381e-07,8,exact_low_rank_algebraic_identity,False
4096,4096,8,16,float32,dense_randomized_svd,success,0.0,1.946081511050579e-06,8.344650268554688e-06,0.0016914558364078,2.1394066607172135e-06,8,exact_low_rank_algebraic_identity,False
4096,4096,8,16,float32,canonical_factor_space,success,0.931126511423796,0.9736398458480836,5.0245561599731445,0.0024656993336975,1.3745105206908192e-05,8,exact_low_rank_algebraic_identity,False
4096,4096,8,16,float32,pairwise_reference_alignment,success,0.0,1.618693659111159e-06,5.245208740234375e-06,0.0021561915054917,3.3122507829830283e-06,8,exact_low_rank_algebraic_identity,False
4096,4096,8,16,float32,global_synchronization,success,0.0,1.5264685089277918e-06,5.900859832763672e-06,0.0021283687092363,3.2421471587440465e-06,8,exact_low_rank_algebraic_identity,False
4096,4096,8,16,float32,cycle_aware_alignment,success,0.0,1.5264685089277918e-06,5.900859832763672e-06,0.0021283687092363,3.2421471587440465e-06,8,exact_low_rank_algebraic_identity,False
4096,4096,16,4,float32,naive_factor_average,success,0.8612724906955461,0.885651707649231,4.060155868530273,0.0027186349034309,3.8641531467437744,16,exact_low_rank_algebraic_identity,False
4096,4096,16,4,float32,dense_deterministic_truncated_svd,success,0.0,1.971312030946138e-06,8.58306884765625e-06,0.0032204359304159,7.627249374309031e-07,16,exact_low_rank_algebraic_identity,False
4096,4096,16,4,float32,dense_randomized_svd,success,0.0,1.9023347022084636e-06,1.0251998901367188e-05,0.0032204359304159,2.16974831346306e-06,16,exact_low_rank_algebraic_identity,False
4096,4096,16,4,float32,canonical_factor_space,success,0.8875394035220777,0.8943260312080383,4.638526439666748,0.003400485496968,1.697734660410788e-05,16,exact_low_rank_algebraic_identity,False
4096,4096,16,4,float32,pairwise_reference_alignment,success,0.0005631427565138,1.5423223658217466e-06,6.67572021484375e-06,0.002783631440252,1.9109878849121745e-05,16,exact_low_rank_algebraic_identity,False
4096,4096,16,4,float32,global_synchronization,success,0.0003251306220654,1.5118303053895945e-06,7.152557373046875e-06,0.0028680029790848,1.9117251213174313e-05,16,exact_low_rank_algebraic_identity,False
4096,4096,16,4,float32,cycle_aware_alignment,success,0.0003251306220654,1.5118303053895945e-06,7.152557373046875e-06,0.0028680029790848,1.9117251213174313e-05,16,exact_low_rank_algebraic_identity,False
4096,4096,16,8,float32,naive_factor_average,success,0.9260973275992416,0.940912425518036,4.120129108428955,0.0030297054909169,4.6574625968933105,16,exact_low_rank_algebraic_identity,False
4096,4096,16,8,float32,dense_deterministic_truncated_svd,success,0.0,1.7643536693867643e-06,7.152557373046875e-06,0.0028261321131139,7.406420081679244e-07,16,exact_low_rank_algebraic_identity,False
4096,4096,16,8,float32,dense_randomized_svd,success,0.0,1.8002915567194575e-06,8.545815944671631e-06,0.0028887109365314,1.963172735486296e-06,16,exact_low_rank_algebraic_identity,False
4096,4096,16,8,float32,canonical_factor_space,success,0.934986418517693,0.9461766481399536,3.915085792541504,0.0027186349034309,2.314320045115892e-05,16,exact_low_rank_algebraic_identity,False
4096,4096,16,8,float32,pairwise_reference_alignment,success,0.0003234875299765,1.4425245353777427e-06,5.9604644775390625e-06,0.0027404716238379,2.9916340281488377e-05,16,exact_low_rank_algebraic_identity,False
4096,4096,16,8,float32,global_synchronization,success,0.0003234875299765,1.3568017038778637e-06,5.4836273193359375e-06,0.002762135816738,2.9927467039669864e-05,16,exact_low_rank_algebraic_identity,False
4096,4096,16,8,float32,cycle_aware_alignment,success,0.0003234875299765,1.3568017038778637e-06,5.4836273193359375e-06,0.002762135816738,2.9927467039669864e-05,16,exact_low_rank_algebraic_identity,False
4096,4096,16,16,float32,naive_factor_average,success,0.9551535644810736,0.969804346561432,2.9540982246398926,0.0029900998342782,3.6840567588806152,16,exact_low_rank_algebraic_identity,False
4096,4096,16,16,float32,dense_deterministic_truncated_svd,success,0.0,1.7944993260243791e-06,5.4836273193359375e-06,0.0028261321131139,6.492127795354463e-07,16,exact_low_rank_algebraic_identity,False
4096,4096,16,16,float32,dense_randomized_svd,success,0.0,1.7015573803291772e-06,5.304813385009766e-06,0.0029092712793499,1.9155115751345875e-06,16,exact_low_rank_algebraic_identity,False
4096,4096,16,16,float32,canonical_factor_space,success,0.9653639157117152,0.9397684931755066,3.0293967723846436,0.0031074029393494,2.44606017076876e-05,16,exact_low_rank_algebraic_identity,False
4096,4096,16,16,float32,pairwise_reference_alignment,success,0.0,1.400843416377029e-06,3.919005393981934e-06,0.0028261321131139,2.0818475604755804e-05,16,exact_low_rank_algebraic_identity,False
4096,4096,16,16,float32,global_synchronization,success,0.0,1.2892348877358015e-06,3.5762786865234375e-06,0.0028049622196704,2.0835866962443102e-05,16,exact_low_rank_algebraic_identity,False
4096,4096,16,16,float32,cycle_aware_alignment,success,0.0,1.2892348877358015e-06,3.5762786865234375e-06,0.0028049622196704,2.0835866962443102e-05,16,exact_low_rank_algebraic_identity,False
4096,4096,32,4,float32,naive_factor_average,success,0.8662009137690836,0.8563271164894104,3.1404528617858887,0.004514951724559,4.229414463043213,32,exact_low_rank_algebraic_identity,False
4096,4096,32,4,float32,dense_deterministic_truncated_svd,success,0.0,2.0428578864084557e-06,7.748603820800781e-06,0.0042286398820579,1.2493183021433651e-06,32,exact_low_rank_algebraic_identity,False
4096,4096,32,4,float32,dense_randomized_svd,success,0.0,2.025157755269902e-06,7.808208465576172e-06,0.004298539366573,2.3127090571506415e-06,32,exact_low_rank_algebraic_identity,False
4096,4096,32,4,float32,canonical_factor_space,success,0.8550651612981327,0.846210241317749,3.362471342086792,0.0044751716777682,2.814383879012894e-05,32,exact_low_rank_algebraic_identity,False
4096,4096,32,4,float32,pairwise_reference_alignment,success,0.0,1.6540221849936645e-06,6.079673767089844e-06,0.004619357176125,1.6542184312129393e-05,32,exact_low_rank_algebraic_identity,False
4096,4096,32,4,float32,global_synchronization,success,0.0,1.58618854584347e-06,5.7220458984375e-06,0.0045017306692898,1.6538542695343494e-05,32,exact_low_rank_algebraic_identity,False
4096,4096,32,4,float32,cycle_aware_alignment,success,0.0,1.58618854584347e-06,5.7220458984375e-06,0.0045017306692898,1.6538542695343494e-05,32,exact_low_rank_algebraic_identity,False
4096,4096,32,8,float32,naive_factor_average,success,0.9259548141946085,0.9050979614257812,2.2320187091827393,0.0043399385176599,4.692264080047607,32,exact_low_rank_algebraic_identity,False
4096,4096,32,8,float32,dense_deterministic_truncated_svd,success,0.0,2.132476311089704e-06,5.424022674560547e-06,0.0044751716777682,1.2717877098111785e-06,32,exact_low_rank_algebraic_identity,False
4096,4096,32,8,float32,dense_randomized_svd,success,0.0,2.1528178422158817e-06,5.602836608886719e-06,0.0042846505530178,2.3069112558005145e-06,32,exact_low_rank_algebraic_identity,False
4096,4096,32,8,float32,canonical_factor_space,success,0.9328817413641528,0.9397805333137512,2.570711612701416,0.0038756122812628,2.440351636323612e-05,32,exact_low_rank_algebraic_identity,False
4096,4096,32,8,float32,pairwise_reference_alignment,success,0.0,1.820428337850899e-06,4.76837158203125e-06,0.0054153008386492,2.22975777433021e-05,32,exact_low_rank_algebraic_identity,False
4096,4096,32,8,float32,global_synchronization,success,0.0,1.725428205645585e-06,4.291534423828125e-06,0.0053376979194581,2.2324406018014997e-05,32,exact_low_rank_algebraic_identity,False
4096,4096,32,8,float32,cycle_aware_alignment,success,0.0,1.725428205645585e-06,4.291534423828125e-06,0.0053376979194581,2.2324406018014997e-05,32,exact_low_rank_algebraic_identity,False
4096,4096,32,16,float32,naive_factor_average,success,0.9644667588859964,0.956355094909668,1.7179365158081057,0.0042003542184829,4.659107685089111,32,exact_low_rank_algebraic_identity,False
4096,4096,32,16,float32,dense_deterministic_truncated_svd,success,0.0,2.062316752926563e-06,4.231929779052734e-06,0.0042707165703177,1.3102546745358268e-06,32,exact_low_rank_algebraic_identity,False
4096,4096,32,16,float32,dense_randomized_svd,success,0.0,2.020408601310919e-06,4.0531158447265625e-06,0.0041861399076879,2.321846750419354e-06,32,exact_low_rank_algebraic_identity,False
4096,4096,32,16,float32,canonical_factor_space,success,0.9711062483547966,0.9701488614082336,1.8271042108535769,0.0043536508455872,2.6893356334767304e-05,32,exact_low_rank_algebraic_identity,False
4096,4096,32,16,float32,pairwise_reference_alignment,success,0.0,1.6629097672193891e-06,3.635883331298828e-06,0.0049555134028196,1.6845597201609053e-05,32,exact_low_rank_algebraic_identity,False
4096,4096,32,16,float32,global_synchronization,success,0.0,1.5779316981934244e-06,3.2782554626464844e-06,0.0049675269983708,1.6857424270710908e-05,32,exact_low_rank_algebraic_identity,False
4096,4096,32,16,float32,cycle_aware_alignment,success,0.0,1.5779316981934244e-06,3.2782554626464844e-06,0.0049675269983708,1.6857424270710908e-05,32,exact_low_rank_algebraic_identity,False
