seed,branch_family,loop_id,method,mean_accuracy,worst_domain_accuracy,mean_nll,mean_brier,mean_ece,a_accuracy,a_nll,a_brier,a_ece,b_accuracy,b_nll,b_brier,b_ece,c_accuracy,c_nll,c_brier,c_ece,ordinary_raw_harmful,cycle_action,fallback_method,interpolation_weight,validation_evaluation_count,parameter_distance,prediction_disagreement,pairwise_transport_residual,inverse_consistency,loop_identity_distance,loop_spectral_radius,loop_singular_spread,loop_stable_nonidentity,ordinary_sync_residual,cycle_sync_residual,regret_vs_best_deployable,regret_if_ordinary_merge,regret_if_abstain,additional_training_control,nondeployable_or_upper_bound,test_logits_hashed_before_labels
0,AB,0:AB_square,raw_parameter_average,0.512666662534078,0.3939999938011169,1.4955860773722331,0.6435408393541971,0.0738737499729419,0.3939999938011169,1.7874658107757568,0.7638591527938843,0.0586101534427143,0.5649999976158142,1.322544813156128,0.5836182236671448,0.0454202995751984,0.5789999961853027,1.3767476081848145,0.5831451416015625,0.1175907969009131,False,fallback:validation_selected_interpolation,validation_selected_interpolation,0.5,0,0.370641241363362,0.4120000004768371,1.4924669654890138e-07,1.1609135861436181e-14,3.99786509148144e-14,1.0000000000000095,2.688960165642129e-13,False,0.0220868171205372,0.0190084900868993,0.0,0.0,0.0259999930858612,False,False,True
0,AB,0:AB_square,pairwise_reference_alignment,0.509333332379659,0.3880000114440918,1.5023682514826455,0.6451846957206726,0.0748076592208235,0.3880000114440918,1.8017542362213137,0.7671102285385132,0.0632164195121731,0.5640000104904175,1.3254117965698242,0.5841416716575623,0.0391378810090827,0.5759999752044678,1.379938721656799,0.5843021869659424,0.1220686771412147,False,fallback:validation_selected_interpolation,validation_selected_interpolation,0.5,0,0.370641241363362,0.4120000004768371,1.4924669654890138e-07,1.1609135861436181e-14,3.99786509148144e-14,1.0000000000000095,2.688960165642129e-13,False,0.0220868171205372,0.0190084900868993,0.0033333301544189,0.0,0.0259999930858612,False,False,True
0,AB,0:AB_square,ordinary_global_synchronization,0.3406666715939839,0.2569999992847442,1.8879411220550537,0.8219450116157532,0.1797847263514995,0.2569999992847442,2.133005380630493,0.8795209527015686,0.1572980071650818,0.3930000066757202,1.6919968128204346,0.7638822197914124,0.1398822710616514,0.3720000088214874,1.8388211727142336,0.8224318623542786,0.2421739008277654,False,fallback:validation_selected_interpolation,validation_selected_interpolation,0.5,0,0.370641241363362,0.4120000004768371,1.4924669654890138e-07,1.1609135861436181e-14,3.99786509148144e-14,1.0000000000000095,2.688960165642129e-13,False,0.0220868171205372,0.0190084900868993,0.171999990940094,0.0,0.0259999930858612,False,False,True
0,AB,0:AB_square,validation_selected_interpolation,0.512666662534078,0.3939999938011169,1.4955860773722331,0.6435408393541971,0.0738737499729419,0.3939999938011169,1.7874658107757568,0.7638591527938843,0.0586101534427143,0.5649999976158142,1.322544813156128,0.5836182236671448,0.0454202995751984,0.5789999961853027,1.3767476081848145,0.5831451416015625,0.1175907969009131,False,fallback:validation_selected_interpolation,validation_selected_interpolation,0.5,11,0.370641241363362,0.4120000004768371,1.4924669654890138e-07,1.1609135861436181e-14,3.99786509148144e-14,1.0000000000000095,2.688960165642129e-13,False,0.0220868171205372,0.0190084900868993,0.0,0.0,0.0259999930858612,False,False,True
0,AB,0:AB_square,cycle_aware_synchronization,0.512666662534078,0.3939999938011169,1.4955860773722331,0.6435408393541971,0.0738737499729419,0.3939999938011169,1.7874658107757568,0.7638591527938843,0.0586101534427143,0.5649999976158142,1.322544813156128,0.5836182236671448,0.0454202995751984,0.5789999961853027,1.3767476081848145,0.5831451416015625,0.1175907969009131,False,fallback:validation_selected_interpolation,validation_selected_interpolation,0.5,0,0.370641241363362,0.4120000004768371,1.4924669654890138e-07,1.1609135861436181e-14,3.99786509148144e-14,1.0000000000000095,2.688960165642129e-13,False,0.0220868171205372,0.0190084900868993,0.0,0.0,0.0259999930858612,False,False,True
0,AB,0:AB_square,fallback_only_policy,0.512666662534078,0.3939999938011169,1.4955860773722331,0.6435408393541971,0.0738737499729419,0.3939999938011169,1.7874658107757568,0.7638591527938843,0.0586101534427143,0.5649999976158142,1.322544813156128,0.5836182236671448,0.0454202995751984,0.5789999961853027,1.3767476081848145,0.5831451416015625,0.1175907969009131,False,fallback:validation_selected_interpolation,validation_selected_interpolation,0.5,0,0.370641241363362,0.4120000004768371,1.4924669654890138e-07,1.1609135861436181e-14,3.99786509148144e-14,1.0000000000000095,2.688960165642129e-13,False,0.0220868171205372,0.0190084900868993,0.0,0.0,0.0259999930858612,False,False,True
0,AB,0:AB_square,joint_sequential_adaptation_oracle,0.4916666646798451,0.4199999868869781,1.6102790832519531,0.672154446442922,0.1025273913983255,0.4199999868869781,1.6119588613510132,0.7099819779396057,0.0335443877847865,0.5230000019073486,1.5623899698257446,0.6486129760742188,0.0975152836181223,0.5320000052452087,1.6564884185791016,0.6578683853149414,0.1765225027920678,False,fallback:validation_selected_interpolation,validation_selected_interpolation,0.5,0,0.370641241363362,0.4120000004768371,1.4924669654890138e-07,1.1609135861436181e-14,3.99786509148144e-14,1.0000000000000095,2.688960165642129e-13,False,0.0220868171205372,0.0190084900868993,0.0209999978542328,0.0,0.0259999930858612,True,True,True
0,AB,0:AB_square,prediction_ensemble_upper_bound,0.509333332379659,0.3880000114440918,1.5023682117462158,0.6451846758524576,0.0748076542295166,0.3880000114440918,1.801754117012024,0.7671101689338684,0.0632164072885643,0.5640000104904175,1.3254117965698242,0.5841416716575623,0.0391378847780288,0.5759999752044678,1.379938721656799,0.5843021869659424,0.1220686706219567,False,fallback:validation_selected_interpolation,validation_selected_interpolation,0.5,0,0.370641241363362,0.4120000004768371,1.4924669654890138e-07,1.1609135861436181e-14,3.99786509148144e-14,1.0000000000000095,2.688960165642129e-13,False,0.0220868171205372,0.0190084900868993,0.0033333301544189,0.0,0.0259999930858612,False,True,True
0,AC,0:AC_square,raw_parameter_average,0.5026666621367136,0.3409999907016754,1.456670840581258,0.6354902386665344,0.0694204792319699,0.3409999907016754,1.8532519340515137,0.7855222225189209,0.0903426415825379,0.5540000200271606,1.334309458732605,0.5922889113426208,0.0446302587552054,0.6129999756813049,1.1824511289596558,0.5286595821380615,0.0732885373581666,False,fallback:validation_selected_interpolation,validation_selected_interpolation,0.4,0,0.394673096679194,0.4783333241939544,1.4683442341738856e-07,1.2893912286205412e-14,3.2590508600544604e-14,1.00000000000001,2.026157019940911e-13,False,0.0185889749710147,0.013901895589394,0.0056666731834411,0.0056666731834411,0.021666665871938,False,False,True
0,AC,0:AC_square,pairwise_reference_alignment,0.5033333202203115,0.335999995470047,1.4608405828475952,0.636224627494812,0.0694011826065737,0.335999995470047,1.865824818611145,0.7900570034980774,0.1002470466482918,0.5529999732971191,1.3368537425994873,0.592176616191864,0.0419954190401767,0.6209999918937683,1.179843187332153,0.5264402627944946,0.0659610821312526,False,fallback:validation_selected_interpolation,validation_selected_interpolation,0.4,0,0.394673096679194,0.4783333241939544,1.4683442341738856e-07,1.2893912286205412e-14,3.2590508600544604e-14,1.00000000000001,2.026157019940911e-13,False,0.0185889749710147,0.013901895589394,0.0050000150998432,0.0056666731834411,0.021666665871938,False,False,True
0,AC,0:AC_square,ordinary_global_synchronization,0.3773333330949147,0.2610000073909759,1.809192697207133,0.7810636957486471,0.1487198109583308,0.2610000073909759,2.1697824001312256,0.8871683478355408,0.1674269008799456,0.4120000004768371,1.7002204656600952,0.7521575093269348,0.1304957830579951,0.4589999914169311,1.557575225830078,0.7038652300834656,0.1482367489370517,False,fallback:validation_selected_interpolation,validation_selected_interpolation,0.4,0,0.394673096679194,0.4783333241939544,1.4683442341738856e-07,1.2893912286205412e-14,3.2590508600544604e-14,1.00000000000001,2.026157019940911e-13,False,0.0185889749710147,0.013901895589394,0.13100000222524,0.0056666731834411,0.021666665871938,False,False,True
0,AC,0:AC_square,validation_selected_interpolation,0.5083333353201548,0.382999986410141,1.4609421094258626,0.6367218494415283,0.0638102718973338,0.382999986410141,1.767121195793152,0.7586528062820435,0.0449934961434337,0.5490000247955322,1.3606942892074585,0.59832364320755,0.0482851721171755,0.5929999947547913,1.2550108432769775,0.5531890988349915,0.0981521474313922,False,fallback:validation_selected_interpolation,validation_selected_interpolation,0.4,11,0.394673096679194,0.4783333241939544,1.4683442341738856e-07,1.2893912286205412e-14,3.2590508600544604e-14,1.00000000000001,2.026157019940911e-13,False,0.0185889749710147,0.013901895589394,0.0,0.0056666731834411,0.021666665871938,False,False,True
0,AC,0:AC_square,cycle_aware_synchronization,0.5083333353201548,0.382999986410141,1.4609421094258626,0.6367218494415283,0.0638102718973338,0.382999986410141,1.767121195793152,0.7586528062820435,0.0449934961434337,0.5490000247955322,1.3606942892074585,0.59832364320755,0.0482851721171755,0.5929999947547913,1.2550108432769775,0.5531890988349915,0.0981521474313922,False,fallback:validation_selected_interpolation,validation_selected_interpolation,0.4,0,0.394673096679194,0.4783333241939544,1.4683442341738856e-07,1.2893912286205412e-14,3.2590508600544604e-14,1.00000000000001,2.026157019940911e-13,False,0.0185889749710147,0.013901895589394,0.0,0.0056666731834411,0.021666665871938,False,False,True
0,AC,0:AC_square,fallback_only_policy,0.5083333353201548,0.382999986410141,1.4609421094258626,0.6367218494415283,0.0638102718973338,0.382999986410141,1.767121195793152,0.7586528062820435,0.0449934961434337,0.5490000247955322,1.3606942892074585,0.59832364320755,0.0482851721171755,0.5929999947547913,1.2550108432769775,0.5531890988349915,0.0981521474313922,False,fallback:validation_selected_interpolation,validation_selected_interpolation,0.4,0,0.394673096679194,0.4783333241939544,1.4683442341738856e-07,1.2893912286205412e-14,3.2590508600544604e-14,1.00000000000001,2.026157019940911e-13,False,0.0185889749710147,0.013901895589394,0.0,0.0056666731834411,0.021666665871938,False,False,True
0,AC,0:AC_square,joint_sequential_adaptation_oracle,0.4946666558583577,0.4169999957084656,1.5643168290456135,0.662054975827535,0.0946070475038141,0.4169999957084656,1.6209969520568848,0.7124326825141907,0.0251748120062984,0.5189999938011169,1.5733294486999512,0.6543592810630798,0.1017535816063173,0.5479999780654907,1.4986240863800049,0.6193729639053345,0.1568927488988265,False,fallback:validation_selected_interpolation,validation_selected_interpolation,0.4,0,0.394673096679194,0.4783333241939544,1.4683442341738856e-07,1.2893912286205412e-14,3.2590508600544604e-14,1.00000000000001,2.026157019940911e-13,False,0.0185889749710147,0.013901895589394,0.013666679461797,0.0056666731834411,0.021666665871938,True,True,True
0,AC,0:AC_square,prediction_ensemble_upper_bound,0.5033333202203115,0.335999995470047,1.4608405431111653,0.636224627494812,0.0694011849785359,0.335999995470047,1.8658246994018557,0.7900570034980774,0.100247055888758,0.5529999732971191,1.3368537425994873,0.592176616191864,0.0419954253266041,0.6209999918937683,1.179843187332153,0.5264402627944946,0.0659610737202456,False,fallback:validation_selected_interpolation,validation_selected_interpolation,0.4,0,0.394673096679194,0.4783333241939544,1.4683442341738856e-07,1.2893912286205412e-14,3.2590508600544604e-14,1.00000000000001,2.026157019940911e-13,False,0.0185889749710147,0.013901895589394,0.0050000150998432,0.0056666731834411,0.021666665871938,False,True,True
0,BC,0:BC_square,raw_parameter_average,0.4906666775544484,0.2610000073909759,1.5842127005259197,0.6674291789531708,0.1108855842855215,0.2610000073909759,2.4066615104675293,0.9363294839859008,0.2477735515567474,0.5600000023841858,1.2673858404159546,0.5790529847145081,0.0430969856097362,0.6510000228881836,1.078590750694275,0.4869050681591034,0.041786215690081,False,fallback:validation_selected_interpolation,validation_selected_interpolation,0.3,0,0.2924672954500336,0.3153333365917206,1.436893061941339e-07,1.1871865533777222e-14,3.642296968274938e-14,1.0000000000000195,2.4003021792395884e-13,False,0.0165088833930957,0.0118828362410439,0.0016666750113169,0.0016666750113169,0.0113333662350972,False,False,True
0,BC,0:BC_square,pairwise_reference_alignment,0.4923333525657654,0.2680000066757202,1.582815130551656,0.6669889291127523,0.1051159213044835,0.2680000066757202,2.4015846252441406,0.9350704550743104,0.2396071616094559,0.5580000281333923,1.2664388418197632,0.5783212780952454,0.0387922193913254,0.6510000228881836,1.0804219245910645,0.4875750541687011,0.0369483829126693,False,fallback:validation_selected_interpolation,validation_selected_interpolation,0.3,0,0.2924672954500336,0.3153333365917206,1.436893061941339e-07,1.1871865533777222e-14,3.642296968274938e-14,1.0000000000000195,2.4003021792395884e-13,False,0.0165088833930957,0.0118828362410439,0.0,0.0016666750113169,0.0113333662350972,False,False,True
0,BC,0:BC_square,ordinary_global_synchronization,0.3423333317041397,0.2169999927282333,1.9263320366541543,0.8317955334981283,0.2000031495117582,0.2169999927282333,2.4169788360595703,0.9638151526451112,0.2709009579848498,0.3869999945163727,1.6974613666534424,0.7740029692649841,0.1519957734271884,0.4230000078678131,1.664555907249451,0.7575684785842896,0.1771127171232365,False,fallback:validation_selected_interpolation,validation_selected_interpolation,0.3,0,0.2924672954500336,0.3153333365917206,1.436893061941339e-07,1.1871865533777222e-14,3.642296968274938e-14,1.0000000000000195,2.4003021792395884e-13,False,0.0165088833930957,0.0118828362410439,0.1500000208616256,0.0016666750113169,0.0113333662350972,False,False,True
0,BC,0:BC_square,validation_selected_interpolation,0.4846666852633158,0.2639999985694885,1.589938481648763,0.6693129142125448,0.1146449181081455,0.2639999985694885,2.364278554916382,0.9251858592033386,0.2454516005236655,0.5580000281333923,1.2564889192581177,0.573124349117279,0.0408589104190468,0.6320000290870667,1.1490479707717896,0.5096285343170166,0.0576242433817242,False,fallback:validation_selected_interpolation,validation_selected_interpolation,0.3,11,0.2924672954500336,0.3153333365917206,1.436893061941339e-07,1.1871865533777222e-14,3.642296968274938e-14,1.0000000000000195,2.4003021792395884e-13,False,0.0165088833930957,0.0118828362410439,0.0076666673024495,0.0016666750113169,0.0113333662350972,False,False,True
0,BC,0:BC_square,cycle_aware_synchronization,0.4846666852633158,0.2639999985694885,1.589938481648763,0.6693129142125448,0.1146449181081455,0.2639999985694885,2.364278554916382,0.9251858592033386,0.2454516005236655,0.5580000281333923,1.2564889192581177,0.573124349117279,0.0408589104190468,0.6320000290870667,1.1490479707717896,0.5096285343170166,0.0576242433817242,False,fallback:validation_selected_interpolation,validation_selected_interpolation,0.3,0,0.2924672954500336,0.3153333365917206,1.436893061941339e-07,1.1871865533777222e-14,3.642296968274938e-14,1.0000000000000195,2.4003021792395884e-13,False,0.0165088833930957,0.0118828362410439,0.0076666673024495,0.0016666750113169,0.0113333662350972,False,False,True
0,BC,0:BC_square,fallback_only_policy,0.4846666852633158,0.2639999985694885,1.589938481648763,0.6693129142125448,0.1146449181081455,0.2639999985694885,2.364278554916382,0.9251858592033386,0.2454516005236655,0.5580000281333923,1.2564889192581177,0.573124349117279,0.0408589104190468,0.6320000290870667,1.1490479707717896,0.5096285343170166,0.0576242433817242,False,fallback:validation_selected_interpolation,validation_selected_interpolation,0.3,0,0.2924672954500336,0.3153333365917206,1.436893061941339e-07,1.1871865533777222e-14,3.642296968274938e-14,1.0000000000000195,2.4003021792395884e-13,False,0.0165088833930957,0.0118828362410439,0.0076666673024495,0.0016666750113169,0.0113333662350972,False,False,True
0,BC,0:BC_square,joint_sequential_adaptation_oracle,0.4803333381811778,0.2709999978542328,1.6353693008422852,0.680610736211141,0.1287956157466396,0.2709999978542328,2.3795905113220215,0.9225661158561708,0.2504912300501019,0.5590000152587891,1.2701539993286133,0.5755070447921753,0.0470765075588133,0.6110000014305115,1.2563633918762207,0.5437590479850769,0.0888191096310038,False,fallback:validation_selected_interpolation,validation_selected_interpolation,0.3,0,0.2924672954500336,0.3153333365917206,1.436893061941339e-07,1.1871865533777222e-14,3.642296968274938e-14,1.0000000000000195,2.4003021792395884e-13,False,0.0165088833930957,0.0118828362410439,0.0120000143845875,0.0016666750113169,0.0113333662350972,True,True,True
0,BC,0:BC_square,prediction_ensemble_upper_bound,0.4923333525657654,0.2680000066757202,1.5828150510787964,0.6669889589150747,0.10511592226491,0.2680000066757202,2.4015846252441406,0.9350704550743104,0.2396071634721011,0.5580000281333923,1.2664387226104736,0.5783213376998901,0.0387922257941681,0.6510000228881836,1.080421805381775,0.4875750839710235,0.0369483775284606,False,fallback:validation_selected_interpolation,validation_selected_interpolation,0.3,0,0.2924672954500336,0.3153333365917206,1.436893061941339e-07,1.1871865533777222e-14,3.642296968274938e-14,1.0000000000000195,2.4003021792395884e-13,False,0.0165088833930957,0.0118828362410439,0.0,0.0016666750113169,0.0113333662350972,False,True,True
1,AB,1:AB_square,raw_parameter_average,0.5106666485468546,0.3899999856948852,1.4944222768147786,0.6431187788645426,0.074572173160656,0.3899999856948852,1.7817134857177734,0.7603435516357422,0.0542452586232684,0.5669999718666077,1.309240698814392,0.5796506404876709,0.0423188033164478,0.574999988079071,1.3923126459121704,0.5893621444702148,0.1271524575422518,False,fallback:validation_selected_interpolation,validation_selected_interpolation,0.4,0,0.366410558127474,0.4110000133514404,1.529717275169262e-07,1.2141494959472408e-14,2.6585927538379542e-14,1.0000000000000056,1.1957101975212936e-13,False,0.0179909937240121,0.0122574567596519,0.0023333430290222,0.0023333430290222,0.0299999912579854,False,False,True
1,AB,1:AB_square,pairwise_reference_alignment,0.5069999893506368,0.3790000081062317,1.5029675563176472,0.6450891892115275,0.0802913415342724,0.3790000081062317,1.8021098375320437,0.7662069201469421,0.0724240190174896,0.5659999847412109,1.311437964439392,0.5792322754859924,0.040613021585159,0.5759999752044678,1.3953548669815063,0.589828372001648,0.1278369840001687,False,fallback:validation_selected_interpolation,validation_selected_interpolation,0.4,0,0.366410558127474,0.4110000133514404,1.529717275169262e-07,1.2141494959472408e-14,2.6585927538379542e-14,1.0000000000000056,1.1957101975212936e-13,False,0.0179909937240121,0.0122574567596519,0.0060000022252399,0.0023333430290222,0.0299999912579854,False,False,True
1,AB,1:AB_square,ordinary_global_synchronization,0.3759999970595042,0.2680000066757202,1.8673429091771443,0.8063279191652933,0.1811306416420848,0.2680000066757202,2.210747241973877,0.903112292289734,0.2061216905349283,0.4289999902248382,1.6126495599746704,0.726151704788208,0.1079507446265779,0.4309999942779541,1.7786319255828855,0.7897197604179382,0.2293194897647481,False,fallback:validation_selected_interpolation,validation_selected_interpolation,0.4,0,0.366410558127474,0.4110000133514404,1.529717275169262e-07,1.2141494959472408e-14,2.6585927538379542e-14,1.0000000000000056,1.1957101975212936e-13,False,0.0179909937240121,0.0122574567596519,0.1369999945163726,0.0023333430290222,0.0299999912579854,False,False,True
1,AB,1:AB_square,validation_selected_interpolation,0.5129999915758768,0.402999997138977,1.4980366627375286,0.6444470485051473,0.0726830814577018,0.402999997138977,1.719948172569275,0.7412593960762024,0.0398942629108205,0.5659999847412109,1.3397711515426636,0.5886191129684448,0.0456743862014263,0.5699999928474426,1.434390664100647,0.6034626364707947,0.1324805952608585,False,fallback:validation_selected_interpolation,validation_selected_interpolation,0.4,11,0.366410558127474,0.4110000133514404,1.529717275169262e-07,1.2141494959472408e-14,2.6585927538379542e-14,1.0000000000000056,1.1957101975212936e-13,False,0.0179909937240121,0.0122574567596519,0.0,0.0023333430290222,0.0299999912579854,False,False,True
1,AB,1:AB_square,cycle_aware_synchronization,0.5129999915758768,0.402999997138977,1.4980366627375286,0.6444470485051473,0.0726830814577018,0.402999997138977,1.719948172569275,0.7412593960762024,0.0398942629108205,0.5659999847412109,1.3397711515426636,0.5886191129684448,0.0456743862014263,0.5699999928474426,1.434390664100647,0.6034626364707947,0.1324805952608585,False,fallback:validation_selected_interpolation,validation_selected_interpolation,0.4,0,0.366410558127474,0.4110000133514404,1.529717275169262e-07,1.2141494959472408e-14,2.6585927538379542e-14,1.0000000000000056,1.1957101975212936e-13,False,0.0179909937240121,0.0122574567596519,0.0,0.0023333430290222,0.0299999912579854,False,False,True
1,AB,1:AB_square,fallback_only_policy,0.5129999915758768,0.402999997138977,1.4980366627375286,0.6444470485051473,0.0726830814577018,0.402999997138977,1.719948172569275,0.7412593960762024,0.0398942629108205,0.5659999847412109,1.3397711515426636,0.5886191129684448,0.0456743862014263,0.5699999928474426,1.434390664100647,0.6034626364707947,0.1324805952608585,False,fallback:validation_selected_interpolation,validation_selected_interpolation,0.4,0,0.366410558127474,0.4110000133514404,1.529717275169262e-07,1.2141494959472408e-14,2.6585927538379542e-14,1.0000000000000056,1.1957101975212936e-13,False,0.0179909937240121,0.0122574567596519,0.0,0.0023333430290222,0.0299999912579854,False,False,True
1,AB,1:AB_square,joint_sequential_adaptation_oracle,0.487333337465922,0.4169999957084656,1.6158838669459026,0.6759970784187317,0.1128398635967945,0.4169999957084656,1.6130672693252563,0.7104417681694031,0.0319982441724278,0.527999997138977,1.546616792678833,0.6471209526062012,0.1098836492164991,0.5170000195503235,1.6879675388336182,0.6704285144805908,0.1966376974014565,False,fallback:validation_selected_interpolation,validation_selected_interpolation,0.4,0,0.366410558127474,0.4110000133514404,1.529717275169262e-07,1.2141494959472408e-14,2.6585927538379542e-14,1.0000000000000056,1.1957101975212936e-13,False,0.0179909937240121,0.0122574567596519,0.0256666541099547,0.0023333430290222,0.0299999912579854,True,True,True
1,AB,1:AB_square,prediction_ensemble_upper_bound,0.5069999893506368,0.3790000081062317,1.5029675563176472,0.6450892090797424,0.0802913207929426,0.3790000081062317,1.8021098375320437,0.7662069797515869,0.0724240205599926,0.5659999847412109,1.311437964439392,0.5792322754859924,0.0406130020855926,0.5759999752044678,1.3953548669815063,0.589828372001648,0.1278369397332426,False,fallback:validation_selected_interpolation,validation_selected_interpolation,0.4,0,0.366410558127474,0.4110000133514404,1.529717275169262e-07,1.2141494959472408e-14,2.6585927538379542e-14,1.0000000000000056,1.1957101975212936e-13,False,0.0179909937240121,0.0122574567596519,0.0060000022252399,0.0023333430290222,0.0299999912579854,False,True,True
1,AC,1:AC_square,raw_parameter_average,0.5053333242734274,0.3510000109672546,1.4550149043401082,0.6339179277420044,0.0672778211980282,0.3510000109672546,1.8416707515716553,0.7776178121566772,0.0732238101772964,0.5519999861717224,1.3245577812194824,0.5901055932044983,0.0460083636571653,0.6129999756813049,1.198816180229187,0.5340303778648376,0.0826012897596228,False,fallback:validation_selected_interpolation,validation_selected_interpolation,0.3,0,0.38999547173496,0.4876666665077209,1.5783257353463734e-07,1.2080979818846988e-14,2.3420143870433644e-14,1.000000000000006,8.315570454442422e-14,False,0.0205502088026057,0.0157053464407727,0.0033333301544189,0.0033333301544189,0.0256666541099548,False,False,True
1,AC,1:AC_square,pairwise_reference_alignment,0.5000000099341074,0.3300000131130218,1.4666908979415894,0.6380761861801147,0.0795195711058719,0.3300000131130218,1.8793801069259644,0.7929807305335999,0.1120798845076933,0.5580000281333923,1.3253889083862305,0.5892760157585144,0.0440178057178854,0.6119999885559082,1.1953036785125732,0.53197181224823,0.082461023092037,False,fallback:validation_selected_interpolation,validation_selected_interpolation,0.3,0,0.38999547173496,0.4876666665077209,1.5783257353463734e-07,1.2080979818846988e-14,2.3420143870433644e-14,1.000000000000006,8.315570454442422e-14,False,0.0205502088026057,0.0157053464407727,0.0086666444937388,0.0033333301544189,0.0256666541099548,False,False,True
1,AC,1:AC_square,ordinary_global_synchronization,0.3423333366711934,0.2039999961853027,1.875722606976827,0.8260195255279541,0.2033056017274551,0.2039999961853027,2.3844993114471436,0.9990881085395812,0.3202955987071618,0.3810000121593475,1.6840068101882937,0.7597962617874146,0.1406237506016623,0.44200000166893,1.558661699295044,0.7191742062568665,0.1489974558735411,False,fallback:validation_selected_interpolation,validation_selected_interpolation,0.3,0,0.38999547173496,0.4876666665077209,1.5783257353463734e-07,1.2080979818846988e-14,2.3420143870433644e-14,1.000000000000006,8.315570454442422e-14,False,0.0205502088026057,0.0157053464407727,0.1663333177566529,0.0033333301544189,0.0256666541099548,False,False,True
1,AC,1:AC_square,validation_selected_interpolation,0.5086666544278463,0.4070000052452087,1.478480100631714,0.6413560112317404,0.0678998463360282,0.4070000052452087,1.6946591138839722,0.733329176902771,0.0230017193389358,0.5429999828338623,1.380024790763855,0.6032202243804932,0.0593831176665844,0.5759999752044678,1.3607563972473145,0.5875186324119568,0.1213147020025644,False,fallback:validation_selected_interpolation,validation_selected_interpolation,0.3,11,0.38999547173496,0.4876666665077209,1.5783257353463734e-07,1.2080979818846988e-14,2.3420143870433644e-14,1.000000000000006,8.315570454442422e-14,False,0.0205502088026057,0.0157053464407727,0.0,0.0033333301544189,0.0256666541099548,False,False,True
1,AC,1:AC_square,cycle_aware_synchronization,0.5086666544278463,0.4070000052452087,1.478480100631714,0.6413560112317404,0.0678998463360282,0.4070000052452087,1.6946591138839722,0.733329176902771,0.0230017193389358,0.5429999828338623,1.380024790763855,0.6032202243804932,0.0593831176665844,0.5759999752044678,1.3607563972473145,0.5875186324119568,0.1213147020025644,False,fallback:validation_selected_interpolation,validation_selected_interpolation,0.3,0,0.38999547173496,0.4876666665077209,1.5783257353463734e-07,1.2080979818846988e-14,2.3420143870433644e-14,1.000000000000006,8.315570454442422e-14,False,0.0205502088026057,0.0157053464407727,0.0,0.0033333301544189,0.0256666541099548,False,False,True
1,AC,1:AC_square,fallback_only_policy,0.5086666544278463,0.4070000052452087,1.478480100631714,0.6413560112317404,0.0678998463360282,0.4070000052452087,1.6946591138839722,0.733329176902771,0.0230017193389358,0.5429999828338623,1.380024790763855,0.6032202243804932,0.0593831176665844,0.5759999752044678,1.3607563972473145,0.5875186324119568,0.1213147020025644,False,fallback:validation_selected_interpolation,validation_selected_interpolation,0.3,0,0.38999547173496,0.4876666665077209,1.5783257353463734e-07,1.2080979818846988e-14,2.3420143870433644e-14,1.000000000000006,8.315570454442422e-14,False,0.0205502088026057,0.0157053464407727,0.0,0.0033333301544189,0.0256666541099548,False,False,True
1,AC,1:AC_square,joint_sequential_adaptation_oracle,0.4923333426316579,0.4189999997615814,1.573608120282491,0.6672597726186117,0.1039097071770811,0.4189999997615814,1.6203733682632446,0.7119614481925964,0.031975754420273,0.5139999985694885,1.567424178123474,0.654428243637085,0.1140240269451169,0.5440000295639038,1.5330268144607544,0.6353896260261536,0.1657293401658535,False,fallback:validation_selected_interpolation,validation_selected_interpolation,0.3,0,0.38999547173496,0.4876666665077209,1.5783257353463734e-07,1.2080979818846988e-14,2.3420143870433644e-14,1.000000000000006,8.315570454442422e-14,False,0.0205502088026057,0.0157053464407727,0.0163333117961884,0.0033333301544189,0.0256666541099548,True,True,True
1,AC,1:AC_square,prediction_ensemble_upper_bound,0.5000000099341074,0.3300000131130218,1.466690977414449,0.6380761861801147,0.0795195664007527,0.3300000131130218,1.879380226135254,0.7929807305335999,0.1120798920746892,0.5580000281333923,1.32538902759552,0.5892760157585144,0.0440177957061678,0.6119999885559082,1.1953036785125732,0.53197181224823,0.082461011421401,False,fallback:validation_selected_interpolation,validation_selected_interpolation,0.3,0,0.38999547173496,0.4876666665077209,1.5783257353463734e-07,1.2080979818846988e-14,2.3420143870433644e-14,1.000000000000006,8.315570454442422e-14,False,0.0205502088026057,0.0157053464407727,0.0086666444937388,0.0033333301544189,0.0256666541099548,False,True,True
1,BC,1:BC_square,raw_parameter_average,0.4876666764418284,0.2569999992847442,1.5975385506947837,0.6716551085313162,0.1148452973672344,0.2569999992847442,2.4308295249938965,0.9426972270011902,0.2599343704641796,0.5580000281333923,1.2667661905288696,0.5787732005119324,0.0368101244675926,0.6480000019073486,1.0950199365615845,0.4934948980808258,0.0477913971699308,False,fallback:pairwise_reference_alignment,pairwise_reference_alignment,0.2,0,0.2948977814657634,0.31700000166893,1.465814765264966e-07,1.2292239260217531e-14,2.2472383137465363e-14,1.000000000000005,7.771561172376097e-14,False,0.0106426093235635,0.0080272251953244,0.0,0.0,0.0080000162124633,False,False,True
1,BC,1:BC_square,pairwise_reference_alignment,0.4869999984900157,0.257999986410141,1.5965461333592732,0.6715218226114908,0.1165668779261371,0.257999986410141,2.4294652938842773,0.9431731700897216,0.2589334466101718,0.5550000071525574,1.2652015686035156,0.5778411030769348,0.040240414411528,0.6480000019073486,1.0949715375900269,0.4935511946678161,0.0505267727567115,False,fallback:pairwise_reference_alignment,pairwise_reference_alignment,0.2,0,0.2948977814657634,0.31700000166893,1.465814765264966e-07,1.2292239260217531e-14,2.2472383137465363e-14,1.000000000000005,7.771561172376097e-14,False,0.0106426093235635,0.0080272251953244,0.0006666779518127,0.0,0.0080000162124633,False,False,True
1,BC,1:BC_square,ordinary_global_synchronization,0.3703333338101705,0.2520000040531158,1.8973830938339231,0.8011349240938822,0.1600758199735234,0.2520000040531158,2.3421475887298584,0.909569501876831,0.1699312641285359,0.3919999897480011,1.6884942054748535,0.7652991414070129,0.1507773747434839,0.4670000076293945,1.661507487297058,0.7285361289978027,0.1595188210485503,False,fallback:pairwise_reference_alignment,pairwise_reference_alignment,0.2,0,0.2948977814657634,0.31700000166893,1.465814765264966e-07,1.2292239260217531e-14,2.2472383137465363e-14,1.000000000000005,7.771561172376097e-14,False,0.0106426093235635,0.0080272251953244,0.1173333426316579,0.0,0.0080000162124633,False,False,True
1,BC,1:BC_square,validation_selected_interpolation,0.4816666543483734,0.2660000026226043,1.6122175455093384,0.6761390964190165,0.1241697048826608,0.2660000026226043,2.3680474758148193,0.9269151091575624,0.2519546330440789,0.5609999895095825,1.255859136581421,0.5709351897239685,0.0404347694129683,0.6179999709129333,1.212746024131775,0.5305669903755188,0.0801197121909353,False,fallback:pairwise_reference_alignment,pairwise_reference_alignment,0.2,11,0.2948977814657634,0.31700000166893,1.465814765264966e-07,1.2292239260217531e-14,2.2472383137465363e-14,1.000000000000005,7.771561172376097e-14,False,0.0106426093235635,0.0080272251953244,0.006000022093455,0.0,0.0080000162124633,False,False,True
1,BC,1:BC_square,cycle_aware_synchronization,0.4869999984900157,0.257999986410141,1.5965461333592732,0.6715218226114908,0.1165668779261371,0.257999986410141,2.4294652938842773,0.9431731700897216,0.2589334466101718,0.5550000071525574,1.2652015686035156,0.5778411030769348,0.040240414411528,0.6480000019073486,1.0949715375900269,0.4935511946678161,0.0505267727567115,False,fallback:pairwise_reference_alignment,pairwise_reference_alignment,0.2,0,0.2948977814657634,0.31700000166893,1.465814765264966e-07,1.2292239260217531e-14,2.2472383137465363e-14,1.000000000000005,7.771561172376097e-14,False,0.0106426093235635,0.0080272251953244,0.0006666779518127,0.0,0.0080000162124633,False,False,True
1,BC,1:BC_square,fallback_only_policy,0.4869999984900157,0.257999986410141,1.5965461333592732,0.6715218226114908,0.1165668779261371,0.257999986410141,2.4294652938842773,0.9431731700897216,0.2589334466101718,0.5550000071525574,1.2652015686035156,0.5778411030769348,0.040240414411528,0.6480000019073486,1.0949715375900269,0.4935511946678161,0.0505267727567115,False,fallback:pairwise_reference_alignment,pairwise_reference_alignment,0.2,0,0.2948977814657634,0.31700000166893,1.465814765264966e-07,1.2292239260217531e-14,2.2472383137465363e-14,1.000000000000005,7.771561172376097e-14,False,0.0106426093235635,0.0080272251953244,0.0006666779518127,0.0,0.0080000162124633,False,False,True
1,BC,1:BC_square,joint_sequential_adaptation_oracle,0.4826666812102,0.2790000140666961,1.636806567509969,0.6817161838213602,0.1338495477102697,0.2790000140666961,2.3753998279571533,0.923317849636078,0.2458931293804198,0.5640000104904175,1.2694581747055054,0.5736738443374634,0.0497128308052197,0.6050000190734863,1.2655616998672483,0.5481568574905396,0.1059426829451695,False,fallback:pairwise_reference_alignment,pairwise_reference_alignment,0.2,0,0.2948977814657634,0.31700000166893,1.465814765264966e-07,1.2292239260217531e-14,2.2472383137465363e-14,1.000000000000005,7.771561172376097e-14,False,0.0106426093235635,0.0080272251953244,0.0049999952316284,0.0,0.0080000162124633,True,True,True
1,BC,1:BC_square,prediction_ensemble_upper_bound,0.4869999984900157,0.257999986410141,1.5965460936228435,0.6715218524138132,0.1165668738103704,0.257999986410141,2.4294652938842773,0.9431731700897216,0.2589334413496544,0.5550000071525574,1.2652015686035156,0.5778411030769348,0.0402404120832216,0.6480000019073486,1.0949714183807373,0.4935512840747833,0.0505267679982353,False,fallback:pairwise_reference_alignment,pairwise_reference_alignment,0.2,0,0.2948977814657634,0.31700000166893,1.465814765264966e-07,1.2292239260217531e-14,2.2472383137465363e-14,1.000000000000005,7.771561172376097e-14,False,0.0106426093235635,0.0080272251953244,0.0006666779518127,0.0,0.0080000162124633,False,True,True
2,AB,2:AB_square,raw_parameter_average,0.5130000015099844,0.395000010728836,1.4907921155293782,0.6432767113049825,0.0738249098455223,0.395000010728836,1.7829669713974,0.7627763748168945,0.0645636301487684,0.5690000057220459,1.319331169128418,0.5837822556495667,0.0417108527035452,0.574999988079071,1.370078206062317,0.5832715034484863,0.1152002466842532,False,fallback:validation_selected_interpolation,validation_selected_interpolation,0.3,0,0.3757546926288507,0.4099999964237213,1.4727543915131365e-07,1.2711055348789616e-14,2.2758104165157468e-14,1.0000000000000089,8.348877145181177e-14,False,0.0142723546909043,0.009881597091613,0.0,0.0,0.0306666592756907,False,False,True
2,AB,2:AB_square,pairwise_reference_alignment,0.5113333364327749,0.3860000073909759,1.493998408317566,0.6437294284502665,0.0746547129723088,0.3860000073909759,1.7957677841186523,0.7663547396659851,0.066967974678846,0.5709999799728394,1.3186581134796145,0.5827742218971252,0.0427309880033135,0.5770000219345093,1.3675693273544312,0.5820593237876892,0.1142651762347668,False,fallback:validation_selected_interpolation,validation_selected_interpolation,0.3,0,0.3757546926288507,0.4099999964237213,1.4727543915131365e-07,1.2711055348789616e-14,2.2758104165157468e-14,1.0000000000000089,8.348877145181177e-14,False,0.0142723546909043,0.009881597091613,0.0016666650772094,0.0,0.0306666592756907,False,False,True
2,AB,2:AB_square,ordinary_global_synchronization,0.36333333949248,0.2460000067949295,1.8371275663375857,0.7974810401598612,0.1488503262153244,0.2460000067949295,2.112928628921509,0.8765706419944763,0.1717400509296567,0.4120000004768371,1.7027052640914917,0.7555962800979614,0.1115488274372182,0.4320000112056732,1.695748805999756,0.760276198387146,0.1632621002790983,False,fallback:validation_selected_interpolation,validation_selected_interpolation,0.3,0,0.3757546926288507,0.4099999964237213,1.4727543915131365e-07,1.2711055348789616e-14,2.2758104165157468e-14,1.0000000000000089,8.348877145181177e-14,False,0.0142723546909043,0.009881597091613,0.1496666620175044,0.0,0.0306666592756907,False,False,True
2,AB,2:AB_square,validation_selected_interpolation,0.5083333353201548,0.4059999883174896,1.507545550664266,0.6475662986437479,0.0721816197231722,0.4059999883174896,1.672996997833252,0.7285013198852539,0.0392045490152668,0.5600000023841858,1.3915491104125977,0.6041551232337952,0.0421674782410264,0.5590000152587891,1.4580905437469482,0.6100424528121948,0.1351728319132235,False,fallback:validation_selected_interpolation,validation_selected_interpolation,0.3,11,0.3757546926288507,0.4099999964237213,1.4727543915131365e-07,1.2711055348789616e-14,2.2758104165157468e-14,1.0000000000000089,8.348877145181177e-14,False,0.0142723546909043,0.009881597091613,0.0046666661898295,0.0,0.0306666592756907,False,False,True
2,AB,2:AB_square,cycle_aware_synchronization,0.5083333353201548,0.4059999883174896,1.507545550664266,0.6475662986437479,0.0721816197231722,0.4059999883174896,1.672996997833252,0.7285013198852539,0.0392045490152668,0.5600000023841858,1.3915491104125977,0.6041551232337952,0.0421674782410264,0.5590000152587891,1.4580905437469482,0.6100424528121948,0.1351728319132235,False,fallback:validation_selected_interpolation,validation_selected_interpolation,0.3,0,0.3757546926288507,0.4099999964237213,1.4727543915131365e-07,1.2711055348789616e-14,2.2758104165157468e-14,1.0000000000000089,8.348877145181177e-14,False,0.0142723546909043,0.009881597091613,0.0046666661898295,0.0,0.0306666592756907,False,False,True
2,AB,2:AB_square,fallback_only_policy,0.5083333353201548,0.4059999883174896,1.507545550664266,0.6475662986437479,0.0721816197231722,0.4059999883174896,1.672996997833252,0.7285013198852539,0.0392045490152668,0.5600000023841858,1.3915491104125977,0.6041551232337952,0.0421674782410264,0.5590000152587891,1.4580905437469482,0.6100424528121948,0.1351728319132235,False,fallback:validation_selected_interpolation,validation_selected_interpolation,0.3,0,0.3757546926288507,0.4099999964237213,1.4727543915131365e-07,1.2711055348789616e-14,2.2758104165157468e-14,1.0000000000000089,8.348877145181177e-14,False,0.0142723546909043,0.009881597091613,0.0046666661898295,0.0,0.0306666592756907,False,False,True
2,AB,2:AB_square,joint_sequential_adaptation_oracle,0.4929999808470408,0.4189999997615814,1.6000771522521973,0.6704150835673014,0.0969274100595309,0.4189999997615814,1.61348557472229,0.7118913531303406,0.0233255462371744,0.5299999713897705,1.5474988222122192,0.6439533233642578,0.0914890215790364,0.5299999713897705,1.6392470598220823,0.6554005742073059,0.1759676623623818,False,fallback:validation_selected_interpolation,validation_selected_interpolation,0.3,0,0.3757546926288507,0.4099999964237213,1.4727543915131365e-07,1.2711055348789616e-14,2.2758104165157468e-14,1.0000000000000089,8.348877145181177e-14,False,0.0142723546909043,0.009881597091613,0.0200000206629435,0.0,0.0306666592756907,True,True,True
2,AB,2:AB_square,prediction_ensemble_upper_bound,0.5113333364327749,0.3860000073909759,1.4939984877904255,0.6437294284502665,0.0746547307450479,0.3860000073909759,1.795767903327942,0.7663547396659851,0.0669679828279186,0.5709999799728394,1.3186581134796145,0.5827742218971252,0.0427310145460069,0.5770000219345093,1.3675694465637207,0.5820593237876892,0.1142651948612183,False,fallback:validation_selected_interpolation,validation_selected_interpolation,0.3,0,0.3757546926288507,0.4099999964237213,1.4727543915131365e-07,1.2711055348789616e-14,2.2758104165157468e-14,1.0000000000000089,8.348877145181177e-14,False,0.0142723546909043,0.009881597091613,0.0016666650772094,0.0,0.0306666592756907,False,True,True
2,AC,2:AC_square,raw_parameter_average,0.5030000110467275,0.3449999988079071,1.454905907313029,0.6355186700820923,0.0696430597260284,0.3449999988079071,1.847253441810608,0.783421516418457,0.0838789585395716,0.5490000247955322,1.3357977867126465,0.5948711633682251,0.046971557487268,0.6150000095367432,1.1816664934158323,0.5282633304595947,0.0780786631512455,False,fallback:validation_selected_interpolation,validation_selected_interpolation,0.4,0,0.3978641851327922,0.4746666550636291,1.4792846528831918e-07,1.0905375038714427e-14,2.0900736201778365e-14,1.0000000000000064,7.371880883511041e-14,False,0.0153998198124985,0.0118801636405271,0.004666656255722,0.004666656255722,0.0253333250681559,False,False,True
2,AC,2:AC_square,pairwise_reference_alignment,0.4979999959468841,0.3350000083446502,1.4626750151316326,0.6384882926940918,0.0750698690632513,0.3350000083446502,1.8729838132858276,0.7954848408699036,0.1060831859940663,0.5460000038146973,1.3385589122772217,0.5949455499649048,0.0468678936595097,0.6129999756813049,1.176482319831848,0.525034487247467,0.072258527536178,False,fallback:validation_selected_interpolation,validation_selected_interpolation,0.4,0,0.3978641851327922,0.4746666550636291,1.4792846528831918e-07,1.0905375038714427e-14,2.0900736201778365e-14,1.0000000000000064,7.371880883511041e-14,False,0.0153998198124985,0.0118801636405271,0.0096666713555654,0.004666656255722,0.0253333250681559,False,False,True
2,AC,2:AC_square,ordinary_global_synchronization,0.3596666653951009,0.2560000121593475,1.8599876165390017,0.7982152104377747,0.1685757276136428,0.2560000121593475,2.1625757217407227,0.8775538206100464,0.1859734641620889,0.3849999904632568,1.69677734375,0.7536192536354065,0.1297313562827184,0.4379999935626983,1.7206097841262815,0.7634725570678711,0.190022362396121,False,fallback:validation_selected_interpolation,validation_selected_interpolation,0.4,0,0.3978641851327922,0.4746666550636291,1.4792846528831918e-07,1.0905375038714427e-14,2.0900736201778365e-14,1.0000000000000064,7.371880883511041e-14,False,0.0153998198124985,0.0118801636405271,0.1480000019073487,0.004666656255722,0.0253333250681559,False,False,True
2,AC,2:AC_square,validation_selected_interpolation,0.5076666673024496,0.3759999871253967,1.4581371545791626,0.6363586584726969,0.0590139690903015,0.3759999871253967,1.761641502380371,0.7569548487663269,0.0437051279004663,0.550000011920929,1.3612139225006104,0.600537896156311,0.0468562543683219,0.597000002861023,1.2515560388565063,0.5515832304954529,0.0864805250021163,False,fallback:validation_selected_interpolation,validation_selected_interpolation,0.4,11,0.3978641851327922,0.4746666550636291,1.4792846528831918e-07,1.0905375038714427e-14,2.0900736201778365e-14,1.0000000000000064,7.371880883511041e-14,False,0.0153998198124985,0.0118801636405271,0.0,0.004666656255722,0.0253333250681559,False,False,True
2,AC,2:AC_square,cycle_aware_synchronization,0.5076666673024496,0.3759999871253967,1.4581371545791626,0.6363586584726969,0.0590139690903015,0.3759999871253967,1.761641502380371,0.7569548487663269,0.0437051279004663,0.550000011920929,1.3612139225006104,0.600537896156311,0.0468562543683219,0.597000002861023,1.2515560388565063,0.5515832304954529,0.0864805250021163,False,fallback:validation_selected_interpolation,validation_selected_interpolation,0.4,0,0.3978641851327922,0.4746666550636291,1.4792846528831918e-07,1.0905375038714427e-14,2.0900736201778365e-14,1.0000000000000064,7.371880883511041e-14,False,0.0153998198124985,0.0118801636405271,0.0,0.004666656255722,0.0253333250681559,False,False,True
2,AC,2:AC_square,fallback_only_policy,0.5076666673024496,0.3759999871253967,1.4581371545791626,0.6363586584726969,0.0590139690903015,0.3759999871253967,1.761641502380371,0.7569548487663269,0.0437051279004663,0.550000011920929,1.3612139225006104,0.600537896156311,0.0468562543683219,0.597000002861023,1.2515560388565063,0.5515832304954529,0.0864805250021163,False,fallback:validation_selected_interpolation,validation_selected_interpolation,0.4,0,0.3978641851327922,0.4746666550636291,1.4792846528831918e-07,1.0905375038714427e-14,2.0900736201778365e-14,1.0000000000000064,7.371880883511041e-14,False,0.0153998198124985,0.0118801636405271,0.0,0.004666656255722,0.0253333250681559,False,False,True
2,AC,2:AC_square,joint_sequential_adaptation_oracle,0.5006666680177053,0.4239999949932098,1.5575196345647175,0.6626248359680176,0.0917140200811748,0.4239999949932098,1.6173193454742432,0.7116329073905945,0.028007184388116,0.5239999890327454,1.552592396736145,0.6506356596946716,0.0971923599718138,0.5540000200271606,1.5026471614837646,0.6256059408187866,0.1499425158835947,False,fallback:validation_selected_interpolation,validation_selected_interpolation,0.4,0,0.3978641851327922,0.4746666550636291,1.4792846528831918e-07,1.0905375038714427e-14,2.0900736201778365e-14,1.0000000000000064,7.371880883511041e-14,False,0.0153998198124985,0.0118801636405271,0.0069999992847442,0.004666656255722,0.0253333250681559,True,True,True
2,AC,2:AC_square,prediction_ensemble_upper_bound,0.4979999959468841,0.3350000083446502,1.4626749753952026,0.6384882926940918,0.0750698668465095,0.3350000083446502,1.8729838132858276,0.7954848408699036,0.1060832035727799,0.5460000038146973,1.3385589122772217,0.5949455499649048,0.0468678785982774,0.6129999756813049,1.1764822006225586,0.525034487247467,0.0722585183684714,False,fallback:validation_selected_interpolation,validation_selected_interpolation,0.4,0,0.3978641851327922,0.4746666550636291,1.4792846528831918e-07,1.0905375038714427e-14,2.0900736201778365e-14,1.0000000000000064,7.371880883511041e-14,False,0.0153998198124985,0.0118801636405271,0.0096666713555654,0.004666656255722,0.0253333250681559,False,True,True
2,BC,2:BC_square,raw_parameter_average,0.4839999973773956,0.2610000073909759,1.588328997294108,0.6703018744786581,0.1150962919637095,0.2610000073909759,2.4153382778167725,0.940341055393219,0.2541582945268601,0.550000011920929,1.2686530351638794,0.5804919600486755,0.0413858948159031,0.640999972820282,1.0809956789016724,0.4900726079940796,0.0497446865483652,False,fallback:validation_selected_interpolation,validation_selected_interpolation,0.2,0,0.2939390171014866,0.3106666803359985,1.4367885422596425e-07,1.1669143998514602e-14,2.0541119002767987e-14,1.0000000000000062,6.084022174945859e-14,False,0.010927249611076,0.0079292759556175,0.001333345969518,0.001333345969518,0.0053333242734273,False,False,True
2,BC,2:BC_square,pairwise_reference_alignment,0.4853333433469136,0.2630000114440918,1.5865072806676228,0.6700520118077596,0.1133437897660769,0.2630000114440918,2.407104015350342,0.9387425780296326,0.2512684427201748,0.550000011920929,1.267420530319214,0.5797247290611267,0.0417423243052326,0.6430000066757202,1.084997296333313,0.4916887283325195,0.0470206022728234,False,fallback:validation_selected_interpolation,validation_selected_interpolation,0.2,0,0.2939390171014866,0.3106666803359985,1.4367885422596425e-07,1.1669143998514602e-14,2.0541119002767987e-14,1.0000000000000062,6.084022174945859e-14,False,0.010927249611076,0.0079292759556175,0.0,0.001333345969518,0.0053333242734273,False,False,True
2,BC,2:BC_square,ordinary_global_synchronization,0.3696666707595189,0.2049999982118606,1.920604467391968,0.8011030356089274,0.1744229988835286,0.2049999982118606,2.6152703762054443,0.9728478789329528,0.2548382860550191,0.4320000112056732,1.6247117519378662,0.7337145209312439,0.1231567704235203,0.4720000028610229,1.5218312740325928,0.6967467069625854,0.1452739401720464,False,fallback:validation_selected_interpolation,validation_selected_interpolation,0.2,0,0.2939390171014866,0.3106666803359985,1.4367885422596425e-07,1.1669143998514602e-14,2.0541119002767987e-14,1.0000000000000062,6.084022174945859e-14,False,0.010927249611076,0.0079292759556175,0.1156666725873947,0.001333345969518,0.0053333242734273,False,False,True
2,BC,2:BC_square,validation_selected_interpolation,0.4853333433469136,0.2770000100135803,1.6014254887898762,0.6743342876434326,0.1157267606577079,0.2770000100135803,2.3518612384796143,0.9234005212783812,0.2386946893238928,0.5580000281333923,1.2590742111206057,0.5741579532623291,0.037663594357582,0.6209999918937683,1.1933410167694092,0.5254443883895874,0.0708219982916489,False,fallback:validation_selected_interpolation,validation_selected_interpolation,0.2,11,0.2939390171014866,0.3106666803359985,1.4367885422596425e-07,1.1669143998514602e-14,2.0541119002767987e-14,1.0000000000000062,6.084022174945859e-14,False,0.010927249611076,0.0079292759556175,0.0,0.001333345969518,0.0053333242734273,False,False,True
2,BC,2:BC_square,cycle_aware_synchronization,0.4853333433469136,0.2770000100135803,1.6014254887898762,0.6743342876434326,0.1157267606577079,0.2770000100135803,2.3518612384796143,0.9234005212783812,0.2386946893238928,0.5580000281333923,1.2590742111206057,0.5741579532623291,0.037663594357582,0.6209999918937683,1.1933410167694092,0.5254443883895874,0.0708219982916489,False,fallback:validation_selected_interpolation,validation_selected_interpolation,0.2,0,0.2939390171014866,0.3106666803359985,1.4367885422596425e-07,1.1669143998514602e-14,2.0541119002767987e-14,1.0000000000000062,6.084022174945859e-14,False,0.010927249611076,0.0079292759556175,0.0,0.001333345969518,0.0053333242734273,False,False,True
2,BC,2:BC_square,fallback_only_policy,0.4853333433469136,0.2770000100135803,1.6014254887898762,0.6743342876434326,0.1157267606577079,0.2770000100135803,2.3518612384796143,0.9234005212783812,0.2386946893238928,0.5580000281333923,1.2590742111206057,0.5741579532623291,0.037663594357582,0.6209999918937683,1.1933410167694092,0.5254443883895874,0.0708219982916489,False,fallback:validation_selected_interpolation,validation_selected_interpolation,0.2,0,0.2939390171014866,0.3106666803359985,1.4367885422596425e-07,1.1669143998514602e-14,2.0541119002767987e-14,1.0000000000000062,6.084022174945859e-14,False,0.010927249611076,0.0079292759556175,0.0,0.001333345969518,0.0053333242734273,False,False,True
2,BC,2:BC_square,joint_sequential_adaptation_oracle,0.4803333183129628,0.2759999930858612,1.6289211908976238,0.6806754469871521,0.1279210238911522,0.2759999930858612,2.3612191677093506,0.9208112359046936,0.2449535268824547,0.5569999814033508,1.2732445001602173,0.577030599117279,0.0466736525122541,0.6079999804496765,1.2522999048233032,0.5441845059394836,0.0921358922787476,False,fallback:validation_selected_interpolation,validation_selected_interpolation,0.2,0,0.2939390171014866,0.3106666803359985,1.4367885422596425e-07,1.1669143998514602e-14,2.0541119002767987e-14,1.0000000000000062,6.084022174945859e-14,False,0.010927249611076,0.0079292759556175,0.0050000250339508,0.001333345969518,0.0053333242734273,True,True,True
2,BC,2:BC_square,prediction_ensemble_upper_bound,0.4853333433469136,0.2630000114440918,1.5865073601404829,0.6700520118077596,0.1133437884078982,0.2630000114440918,2.407104015350342,0.9387425780296326,0.2512684428365901,0.550000011920929,1.2674206495285034,0.5797247290611267,0.0417423154576681,0.6430000066757202,1.0849974155426023,0.4916887283325195,0.0470206069294363,False,fallback:validation_selected_interpolation,validation_selected_interpolation,0.2,0,0.2939390171014866,0.3106666803359985,1.4367885422596425e-07,1.1669143998514602e-14,2.0541119002767987e-14,1.0000000000000062,6.084022174945859e-14,False,0.010927249611076,0.0079292759556175,0.0,0.001333345969518,0.0053333242734273,False,True,True
3,AB,3:AB_square,raw_parameter_average,0.5073333283265432,0.39100000262260437,1.5003948211669922,0.6454191009203593,0.07674161644051007,0.39100000262260437,1.7736515998840332,0.7594251036643982,0.05570330577029381,0.5600000023841858,1.3256804943084717,0.5838680267333984,0.042353501194156706,0.5709999799728394,1.4018523693084717,0.5929641723632812,0.13216804235707968,False,fallback:validation_selected_interpolation,validation_selected_interpolation,0.5,0,0.36183046135881003,0.4076666533946991,1.4846077192770731e-07,1.1777536667690157e-14,2.886513278106664e-14,1.0000000000000056,1.5420997812043424e-13,False,0.01585793535454712,0.012232146158023849,0.0020000040531158447,0.0020000040531158447,0.023999998966852842,False,False,True
3,AB,3:AB_square,pairwise_reference_alignment,0.509333332379659,0.3889999985694885,1.4987504084904988,0.644393265247345,0.07518858920472364,0.3889999985694885,1.768638253211975,0.7580408453941345,0.053927228902466595,0.5640000104904175,1.3261810541152954,0.5827921628952026,0.04271426174091175,0.574999988079071,1.401431918144226,0.5923467874526978,0.12892427697079256,False,fallback:validation_selected_interpolation,validation_selected_interpolation,0.5,0,0.36183046135881003,0.4076666533946991,1.4846077192770731e-07,1.1777536667690157e-14,2.886513278106664e-14,1.0000000000000056,1.5420997812043424e-13,False,0.01585793535454712,0.012232146158023849,0.0,0.0020000040531158447,0.023999998966852842,False,False,True
3,AB,3:AB_square,ordinary_global_synchronization,0.3620000084241231,0.31700000166893005,1.9386175473531086,0.812077005704244,0.1735611425344056,0.31700000166893005,2.0273213386535645,0.8310067653656006,0.07579204870853573,0.3720000088214874,1.8037712574005127,0.7826927304267883,0.18075916371890344,0.3970000147819519,1.984760046005249,0.822531521320343,0.2641322151757777,False,fallback:validation_selected_interpolation,validation_selected_interpolation,0.5,0,0.36183046135881003,0.4076666533946991,1.4846077192770731e-07,1.1777536667690157e-14,2.886513278106664e-14,1.0000000000000056,1.5420997812043424e-13,False,0.01585793535454712,0.012232146158023849,0.14733332395553594,0.0020000040531158447,0.023999998966852842,False,False,True
3,AB,3:AB_square,validation_selected_interpolation,0.5073333283265432,0.39100000262260437,1.5003948211669922,0.6454191009203593,0.07674161644051007,0.39100000262260437,1.7736515998840332,0.7594251036643982,0.05570330577029381,0.5600000023841858,1.3256804943084717,0.5838680267333984,0.042353501194156706,0.5709999799728394,1.4018523693084717,0.5929641723632812,0.13216804235707968,False,fallback:validation_selected_interpolation,validation_selected_interpolation,0.5,11,0.36183046135881003,0.4076666533946991,1.4846077192770731e-07,1.1777536667690157e-14,2.886513278106664e-14,1.0000000000000056,1.5420997812043424e-13,False,0.01585793535454712,0.012232146158023849,0.0020000040531158447,0.0020000040531158447,0.023999998966852842,False,False,True
3,AB,3:AB_square,cycle_aware_synchronization,0.5073333283265432,0.39100000262260437,1.5003948211669922,0.6454191009203593,0.07674161644051007,0.39100000262260437,1.7736515998840332,0.7594251036643982,0.05570330577029381,0.5600000023841858,1.3256804943084717,0.5838680267333984,0.042353501194156706,0.5709999799728394,1.4018523693084717,0.5929641723632812,0.13216804235707968,False,fallback:validation_selected_interpolation,validation_selected_interpolation,0.5,0,0.36183046135881003,0.4076666533946991,1.4846077192770731e-07,1.1777536667690157e-14,2.886513278106664e-14,1.0000000000000056,1.5420997812043424e-13,False,0.01585793535454712,0.012232146158023849,0.0020000040531158447,0.0020000040531158447,0.023999998966852842,False,False,True
3,AB,3:AB_square,fallback_only_policy,0.5073333283265432,0.39100000262260437,1.5003948211669922,0.6454191009203593,0.07674161644051007,0.39100000262260437,1.7736515998840332,0.7594251036643982,0.05570330577029381,0.5600000023841858,1.3256804943084717,0.5838680267333984,0.042353501194156706,0.5709999799728394,1.4018523693084717,0.5929641723632812,0.13216804235707968,False,fallback:validation_selected_interpolation,validation_selected_interpolation,0.5,0,0.36183046135881003,0.4076666533946991,1.4846077192770731e-07,1.1777536667690157e-14,2.886513278106664e-14,1.0000000000000056,1.5420997812043424e-13,False,0.01585793535454712,0.012232146158023849,0.0020000040531158447,0.0020000040531158447,0.023999998966852842,False,False,True
3,AB,3:AB_square,joint_sequential_adaptation_oracle,0.4949999849001567,0.421999990940094,1.615536093711853,0.6730738480885824,0.10602512312470935,0.421999990940094,1.6092793941497803,0.7078762054443359,0.029731613962212577,0.5339999794960022,1.5549551248550415,0.6459982991218567,0.09929242043290287,0.5289999842643738,1.6823737621307373,0.6653470396995544,0.1890513349790126,False,fallback:validation_selected_interpolation,validation_selected_interpolation,0.5,0,0.36183046135881003,0.4076666533946991,1.4846077192770731e-07,1.1777536667690157e-14,2.886513278106664e-14,1.0000000000000056,1.5420997812043424e-13,False,0.01585793535454712,0.012232146158023849,0.014333347479502379,0.0020000040531158447,0.023999998966852842,True,True,True
3,AB,3:AB_square,prediction_ensemble_upper_bound,0.509333332379659,0.3889999985694885,1.4987504084904988,0.64439324537913,0.07518858053178216,0.3889999985694885,1.768638253211975,0.7580408453941345,0.05392723309341818,0.5640000104904175,1.3261810541152954,0.5827921628952026,0.04271426342893392,0.574999988079071,1.401431918144226,0.592346727848053,0.12892424507299438,False,fallback:validation_selected_interpolation,validation_selected_interpolation,0.5,0,0.36183046135881003,0.4076666533946991,1.4846077192770731e-07,1.1777536667690157e-14,2.886513278106664e-14,1.0000000000000056,1.5420997812043424e-13,False,0.01585793535454712,0.012232146158023849,0.0,0.0020000040531158447,0.023999998966852842,False,True,True
3,AC,3:AC_square,raw_parameter_average,0.5033333202203115,0.34599998593330383,1.4595115582148235,0.6375436981519064,0.07612648047021746,0.34599998593330383,1.8359930515289307,0.7827327251434326,0.08843564247945324,0.5600000023841858,1.3308035135269165,0.5908505320549011,0.04603636400133837,0.6039999723434448,1.211738109588623,0.5390478372573853,0.09390743492986076,False,fallback:pairwise_reference_alignment,pairwise_reference_alignment,0.4,0,0.3837670965987998,0.4713333249092102,1.4675159950231512e-07,1.3212000147308742e-14,2.6130117072264713e-14,1.0000000000000067,1.297850715786808e-13,False,0.014486488607954607,0.011541576897621577,0.003666679064432743,0.003666679064432743,0.02166666587193805,False,False,True
3,AC,3:AC_square,pairwise_reference_alignment,0.5069999992847443,0.35899999737739563,1.4546467860539753,0.6357500354448954,0.07318166181600343,0.35899999737739563,1.825965404510498,0.780671238899231,0.07757563213817775,0.5569999814033508,1.3332781791687012,0.5912669897079468,0.05149540142156184,0.6050000190734863,1.204696774482727,0.5353118777275085,0.09047395188827068,False,fallback:pairwise_reference_alignment,pairwise_reference_alignment,0.4,0,0.3837670965987998,0.4713333249092102,1.4675159950231512e-07,1.3212000147308742e-14,2.6130117072264713e-14,1.0000000000000067,1.297850715786808e-13,False,0.014486488607954607,0.011541576897621577,0.0,0.003666679064432743,0.02166666587193805,False,False,True
3,AC,3:AC_square,ordinary_global_synchronization,0.35266666611035663,0.2720000147819519,1.9345166683197021,0.8185685276985168,0.17861374901258387,0.2720000147819519,2.1609466075897217,0.8763724565505981,0.16542005504015833,0.37299999594688416,1.7863738536834717,0.790788471698761,0.15700019462383352,0.4129999876022339,1.856229543685913,0.7885446548461914,0.21342099737375975,False,fallback:pairwise_reference_alignment,pairwise_reference_alignment,0.4,0,0.3837670965987998,0.4713333249092102,1.4675159950231512e-07,1.3212000147308742e-14,2.6130117072264713e-14,1.0000000000000067,1.297850715786808e-13,False,0.014486488607954607,0.011541576897621577,0.15433333317438763,0.003666679064432743,0.02166666587193805,False,False,True
3,AC,3:AC_square,validation_selected_interpolation,0.5059999823570251,0.37599998712539673,1.4661802450815837,0.6389813621838888,0.07271078368648887,0.37599998712539673,1.7551958560943604,0.7560680508613586,0.05253119603730738,0.5529999732971191,1.355064034461975,0.5960057973861694,0.056723680114373565,0.5889999866485596,1.2882808446884155,0.5648702383041382,0.10887747490778565,False,fallback:pairwise_reference_alignment,pairwise_reference_alignment,0.4,11,0.3837670965987998,0.4713333249092102,1.4675159950231512e-07,1.3212000147308742e-14,2.6130117072264713e-14,1.0000000000000067,1.297850715786808e-13,False,0.014486488607954607,0.011541576897621577,0.0010000169277191162,0.003666679064432743,0.02166666587193805,False,False,True
3,AC,3:AC_square,cycle_aware_synchronization,0.5069999992847443,0.35899999737739563,1.4546467860539753,0.6357500354448954,0.07318166181600343,0.35899999737739563,1.825965404510498,0.780671238899231,0.07757563213817775,0.5569999814033508,1.3332781791687012,0.5912669897079468,0.05149540142156184,0.6050000190734863,1.204696774482727,0.5353118777275085,0.09047395188827068,False,fallback:pairwise_reference_alignment,pairwise_reference_alignment,0.4,0,0.3837670965987998,0.4713333249092102,1.4675159950231512e-07,1.3212000147308742e-14,2.6130117072264713e-14,1.0000000000000067,1.297850715786808e-13,False,0.014486488607954607,0.011541576897621577,0.0,0.003666679064432743,0.02166666587193805,False,False,True
3,AC,3:AC_square,fallback_only_policy,0.5069999992847443,0.35899999737739563,1.4546467860539753,0.6357500354448954,0.07318166181600343,0.35899999737739563,1.825965404510498,0.780671238899231,0.07757563213817775,0.5569999814033508,1.3332781791687012,0.5912669897079468,0.05149540142156184,0.6050000190734863,1.204696774482727,0.5353118777275085,0.09047395188827068,False,fallback:pairwise_reference_alignment,pairwise_reference_alignment,0.4,0,0.3837670965987998,0.4713333249092102,1.4675159950231512e-07,1.3212000147308742e-14,2.6130117072264713e-14,1.0000000000000067,1.297850715786808e-13,False,0.014486488607954607,0.011541576897621577,0.0,0.003666679064432743,0.02166666587193805,False,False,True
3,AC,3:AC_square,joint_sequential_adaptation_oracle,0.49966668089230853,0.4230000078678131,1.584963321685791,0.6681615312894186,0.1002572934764127,0.4230000078678131,1.6205614805221558,0.7116599678993225,0.026633116824086756,0.5210000276565552,1.5657378435134888,0.6515285968780518,0.11085728781472426,0.5550000071525574,1.5685906410217285,0.6412960290908813,0.16328147579042707,False,fallback:pairwise_reference_alignment,pairwise_reference_alignment,0.4,0,0.3837670965987998,0.4713333249092102,1.4675159950231512e-07,1.3212000147308742e-14,2.6130117072264713e-14,1.0000000000000067,1.297850715786808e-13,False,0.014486488607954607,0.011541576897621577,0.007333318392435728,0.003666679064432743,0.02166666587193805,True,True,True
3,AC,3:AC_square,prediction_ensemble_upper_bound,0.5069999992847443,0.35899999737739563,1.4546467463175456,0.6357500354448954,0.07318166386782347,0.35899999737739563,1.8259652853012085,0.780671238899231,0.07757562445476651,0.5569999814033508,1.3332781791687012,0.5912669897079468,0.051495403284206986,0.6050000190734863,1.204696774482727,0.5353118777275085,0.09047396386449691,False,fallback:pairwise_reference_alignment,pairwise_reference_alignment,0.4,0,0.3837670965987998,0.4713333249092102,1.4675159950231512e-07,1.3212000147308742e-14,2.6130117072264713e-14,1.0000000000000067,1.297850715786808e-13,False,0.014486488607954607,0.011541576897621577,0.0,0.003666679064432743,0.02166666587193805,False,True,True
3,BC,3:BC_square,raw_parameter_average,0.4880000054836273,0.25699999928474426,1.5590148369471233,0.6650857627391815,0.10733834166118565,0.25699999928474426,2.311275005340576,0.9236379265785217,0.24384915310656652,0.5600000023841858,1.2791138887405396,0.5837121605873108,0.041003280464792624,0.6470000147819519,1.086655616760254,0.48790720105171204,0.0371625914121978,False,fallback:validation_selected_interpolation,validation_selected_interpolation,0.4,0,0.28581434877691686,0.312333345413208,1.4341910677116297e-07,1.1682539011947181e-14,2.8689988928578425e-14,1.0000000000000053,1.5587531265737198e-13,False,0.009902051259010924,0.007605622802483373,0.002333343029022217,0.002333343029022217,0.00933335224787396,False,False,True
3,BC,3:BC_square,pairwise_reference_alignment,0.49033334851264954,0.25699999928474426,1.5589066346486409,0.6650518774986267,0.10553199829397879,0.25699999928474426,2.3093113899230957,0.9234495759010315,0.24372304271673784,0.5630000233650208,1.279043436050415,0.5831780433654785,0.03610232810024172,0.6510000228881836,1.088365077972412,0.4885280132293701,0.03677062406495679,False,fallback:validation_selected_interpolation,validation_selected_interpolation,0.4,0,0.28581434877691686,0.312333345413208,1.4341910677116297e-07,1.1682539011947181e-14,2.8689988928578425e-14,1.0000000000000053,1.5587531265737198e-13,False,0.009902051259010924,0.007605622802483373,0.0,0.002333343029022217,0.00933335224787396,False,False,True
3,BC,3:BC_square,ordinary_global_synchronization,0.31700000166893005,0.24799999594688416,2.0460771322250366,0.8449323773384094,0.186312842653327,0.24799999594688416,2.3083999156951904,0.8787977695465088,0.13203966454602778,0.34700000286102295,1.8977323770523071,0.8147439956665039,0.1745553583605215,0.35600000619888306,1.9320991039276123,0.8412553668022156,0.2523435050534317,False,fallback:validation_selected_interpolation,validation_selected_interpolation,0.4,0,0.28581434877691686,0.312333345413208,1.4341910677116297e-07,1.1682539011947181e-14,2.8689988928578425e-14,1.0000000000000053,1.5587531265737198e-13,False,0.009902051259010924,0.007605622802483373,0.17333334684371948,0.002333343029022217,0.00933335224787396,False,False,True
3,BC,3:BC_square,validation_selected_interpolation,0.4856666624546051,0.2619999945163727,1.5590271552403767,0.6651449700196584,0.10847368443501182,0.2619999945163727,2.2881102561950684,0.9175639152526855,0.23870884196367115,0.5619999766349792,1.2716102600097656,0.5798276662826538,0.03445303608896211,0.6330000162124634,1.1173609495162964,0.49804332852363586,0.0522591752524022,False,fallback:validation_selected_interpolation,validation_selected_interpolation,0.4,11,0.28581434877691686,0.312333345413208,1.4341910677116297e-07,1.1682539011947181e-14,2.8689988928578425e-14,1.0000000000000053,1.5587531265737198e-13,False,0.009902051259010924,0.007605622802483373,0.004666686058044434,0.002333343029022217,0.00933335224787396,False,False,True
3,BC,3:BC_square,cycle_aware_synchronization,0.4856666624546051,0.2619999945163727,1.5590271552403767,0.6651449700196584,0.10847368443501182,0.2619999945163727,2.2881102561950684,0.9175639152526855,0.23870884196367115,0.5619999766349792,1.2716102600097656,0.5798276662826538,0.03445303608896211,0.6330000162124634,1.1173609495162964,0.49804332852363586,0.0522591752524022,False,fallback:validation_selected_interpolation,validation_selected_interpolation,0.4,0,0.28581434877691686,0.312333345413208,1.4341910677116297e-07,1.1682539011947181e-14,2.8689988928578425e-14,1.0000000000000053,1.5587531265737198e-13,False,0.009902051259010924,0.007605622802483373,0.004666686058044434,0.002333343029022217,0.00933335224787396,False,False,True
3,BC,3:BC_square,fallback_only_policy,0.4856666624546051,0.2619999945163727,1.5590271552403767,0.6651449700196584,0.10847368443501182,0.2619999945163727,2.2881102561950684,0.9175639152526855,0.23870884196367115,0.5619999766349792,1.2716102600097656,0.5798276662826538,0.03445303608896211,0.6330000162124634,1.1173609495162964,0.49804332852363586,0.0522591752524022,False,fallback:validation_selected_interpolation,validation_selected_interpolation,0.4,0,0.28581434877691686,0.312333345413208,1.4341910677116297e-07,1.1682539011947181e-14,2.8689988928578425e-14,1.0000000000000053,1.5587531265737198e-13,False,0.009902051259010924,0.007605622802483373,0.004666686058044434,0.002333343029022217,0.00933335224787396,False,False,True
3,BC,3:BC_square,joint_sequential_adaptation_oracle,0.4826666812102,0.2800000011920929,1.611926515897115,0.678463359673818,0.12147933271383711,0.2800000011920929,2.3029768466949463,0.9155085682868958,0.23526422563008964,0.5590000152587891,1.2773783206939697,0.5778751373291016,0.04235328690265305,0.609000027179718,1.2554243803024292,0.5420063734054565,0.08682048560876865,False,fallback:validation_selected_interpolation,validation_selected_interpolation,0.4,0,0.28581434877691686,0.312333345413208,1.4341910677116297e-07,1.1682539011947181e-14,2.8689988928578425e-14,1.0000000000000053,1.5587531265737198e-13,False,0.009902051259010924,0.007605622802483373,0.007666667302449526,0.002333343029022217,0.00933335224787396,True,True,True
3,BC,3:BC_square,prediction_ensemble_upper_bound,0.49033334851264954,0.25699999928474426,1.5589065551757812,0.6650518774986267,0.10553200002080605,0.25699999928474426,2.3093111515045166,0.9234495759010315,0.24372302636038512,0.5630000233650208,1.279043436050415,0.5831779837608337,0.03610232123173773,0.6510000228881836,1.088365077972412,0.4885280728340149,0.03677065247029532,False,fallback:validation_selected_interpolation,validation_selected_interpolation,0.4,0,0.28581434877691686,0.312333345413208,1.4341910677116297e-07,1.1682539011947181e-14,2.8689988928578425e-14,1.0000000000000053,1.5587531265737198e-13,False,0.009902051259010924,0.007605622802483373,0.0,0.002333343029022217,0.00933335224787396,False,True,True
4,AB,4:AB_square,raw_parameter_average,0.5046666661898295,0.3880000114440918,1.4976929823557537,0.6457506418228149,0.07668109330309865,0.3880000114440918,1.7817707061767578,0.7606483101844788,0.05033020625705831,0.5590000152587891,1.3227896690368652,0.5846546292304993,0.051482698298059404,0.5669999718666077,1.3885185718536377,0.5919489860534668,0.12823037535417825,False,fallback:validation_selected_interpolation,validation_selected_interpolation,0.2,0,0.3817370650132827,0.41233333945274353,1.4363574227763114e-07,1.2829366051400542e-14,2.0123748613649014e-14,1.0000000000000067,5.984102102729594e-14,False,0.011781520850183151,0.00804035100761419,0.0020000040531158447,0.0020000040531158447,0.023999998966852787,False,False,True
4,AB,4:AB_square,pairwise_reference_alignment,0.5066666702429453,0.3869999945163727,1.4996974468231201,0.6453851064046224,0.0756266670068726,0.3869999945163727,1.7927883863449097,0.7633410692214966,0.05083310295594856,0.5630000233650208,1.3208810091018677,0.5828540325164795,0.04908346472075209,0.5699999928474426,1.385422945022583,0.5899602174758911,0.12696343334391713,False,fallback:validation_selected_interpolation,validation_selected_interpolation,0.2,0,0.3817370650132827,0.41233333945274353,1.4363574227763114e-07,1.2829366051400542e-14,2.0123748613649014e-14,1.0000000000000067,5.984102102729594e-14,False,0.011781520850183151,0.00804035100761419,0.0,0.0020000040531158447,0.023999998966852787,False,False,True
4,AB,4:AB_square,ordinary_global_synchronization,0.35766667127609253,0.2409999966621399,1.9456477959950764,0.8195031682650248,0.1769294367210629,0.2409999966621399,2.2652571201324463,0.9285516142845154,0.22581095853820443,0.414000004529953,1.7306963205337524,0.758655846118927,0.10616431693779305,0.4180000126361847,1.8409899473190308,0.7713020443916321,0.19881303468719125,False,fallback:validation_selected_interpolation,validation_selected_interpolation,0.2,0,0.3817370650132827,0.41233333945274353,1.4363574227763114e-07,1.2829366051400542e-14,2.0123748613649014e-14,1.0000000000000067,5.984102102729594e-14,False,0.011781520850183151,0.00804035100761419,0.1489999989668528,0.0020000040531158447,0.023999998966852787,False,False,True
4,AB,4:AB_square,validation_selected_interpolation,0.5006666779518127,0.41200000047683716,1.5355544487635295,0.6574196020762125,0.08183163981084363,0.41200000047683716,1.6483198404312134,0.7193771600723267,0.028303312206844566,0.550000011920929,1.4349509477615356,0.6174401044845581,0.062191599514335394,0.5400000214576721,1.5233925580978394,0.6354415416717529,0.15500000771135092,False,fallback:validation_selected_interpolation,validation_selected_interpolation,0.2,11,0.3817370650132827,0.41233333945274353,1.4363574227763114e-07,1.2829366051400542e-14,2.0123748613649014e-14,1.0000000000000067,5.984102102729594e-14,False,0.011781520850183151,0.00804035100761419,0.005999992291132572,0.0020000040531158447,0.023999998966852787,False,False,True
4,AB,4:AB_square,cycle_aware_synchronization,0.5006666779518127,0.41200000047683716,1.5355544487635295,0.6574196020762125,0.08183163981084363,0.41200000047683716,1.6483198404312134,0.7193771600723267,0.028303312206844566,0.550000011920929,1.4349509477615356,0.6174401044845581,0.062191599514335394,0.5400000214576721,1.5233925580978394,0.6354415416717529,0.15500000771135092,False,fallback:validation_selected_interpolation,validation_selected_interpolation,0.2,0,0.3817370650132827,0.41233333945274353,1.4363574227763114e-07,1.2829366051400542e-14,2.0123748613649014e-14,1.0000000000000067,5.984102102729594e-14,False,0.011781520850183151,0.00804035100761419,0.005999992291132572,0.0020000040531158447,0.023999998966852787,False,False,True
4,AB,4:AB_square,fallback_only_policy,0.5006666779518127,0.41200000047683716,1.5355544487635295,0.6574196020762125,0.08183163981084363,0.41200000047683716,1.6483198404312134,0.7193771600723267,0.028303312206844566,0.550000011920929,1.4349509477615356,0.6174401044845581,0.062191599514335394,0.5400000214576721,1.5233925580978394,0.6354415416717529,0.15500000771135092,False,fallback:validation_selected_interpolation,validation_selected_interpolation,0.2,0,0.3817370650132827,0.41233333945274353,1.4363574227763114e-07,1.2829366051400542e-14,2.0123748613649014e-14,1.0000000000000067,5.984102102729594e-14,False,0.011781520850183151,0.00804035100761419,0.005999992291132572,0.0020000040531158447,0.023999998966852787,False,False,True
4,AB,4:AB_square,joint_sequential_adaptation_oracle,0.49166664481163025,0.41999998688697815,1.6090206305185955,0.6743921240170797,0.10388227704000504,0.41999998688697815,1.6148821115493774,0.710199236869812,0.026871592694078572,0.5249999761581421,1.5499627590179443,0.6466676592826843,0.10387017164612189,0.5299999713897705,1.6622170209884644,0.6663094758987427,0.18090506677981466,False,fallback:validation_selected_interpolation,validation_selected_interpolation,0.2,0,0.3817370650132827,0.41233333945274353,1.4363574227763114e-07,1.2829366051400542e-14,2.0123748613649014e-14,1.0000000000000067,5.984102102729594e-14,False,0.011781520850183151,0.00804035100761419,0.015000025431315067,0.0020000040531158447,0.023999998966852787,True,True,True
4,AB,4:AB_square,prediction_ensemble_upper_bound,0.5066666702429453,0.3869999945163727,1.4996974070866902,0.6453851064046224,0.07562668097186058,0.3869999945163727,1.7927885055541992,0.7633410692214966,0.050833119021262974,0.5630000233650208,1.3208808898925781,0.5828540325164795,0.04908348707249388,0.5699999928474426,1.3854228258132935,0.5899602174758911,0.12696343682182487,False,fallback:validation_selected_interpolation,validation_selected_interpolation,0.2,0,0.3817370650132827,0.41233333945274353,1.4363574227763114e-07,1.2829366051400542e-14,2.0123748613649014e-14,1.0000000000000067,5.984102102729594e-14,False,0.011781520850183151,0.00804035100761419,0.0,0.0020000040531158447,0.023999998966852787,False,True,True
4,AC,4:AC_square,raw_parameter_average,0.4973333279291789,0.33799999952316284,1.4610158205032349,0.6382189591725668,0.07309955383000973,0.33799999952316284,1.8522436618804932,0.7862954139709473,0.08975729730445892,0.5479999780654907,1.335120677947998,0.5947734713554382,0.05360879219369963,0.6060000061988831,1.1956831216812134,0.5335879921913147,0.07593257199187065,False,fallback:validation_selected_interpolation,validation_selected_interpolation,0.2,0,0.41036914213923126,0.4873333275318146,1.4352130445412353e-07,1.1993830690802407e-14,2.0397525344761792e-14,1.0000000000000062,6.072919944699606e-14,False,0.012708512678633621,0.009563517294772977,0.0010000069936116351,0.0010000069936116351,0.015666663646697998,False,False,True
4,AC,4:AC_square,pairwise_reference_alignment,0.49800000588099164,0.33799999952316284,1.4656667311986287,0.6400367021560669,0.0754204955980337,0.33799999952316284,1.8744280338287354,0.7965561747550964,0.10020136181265116,0.550000011920929,1.3370795249938965,0.5945212244987488,0.047568068344844505,0.6060000061988831,1.1854926347732544,0.5290327072143555,0.07849205663660541,False,fallback:validation_selected_interpolation,validation_selected_interpolation,0.2,0,0.41036914213923126,0.4873333275318146,1.4352130445412353e-07,1.1993830690802407e-14,2.0397525344761792e-14,1.0000000000000062,6.072919944699606e-14,False,0.012708512678633621,0.009563517294772977,0.000333329041798891,0.0010000069936116351,0.015666663646697998,False,False,True
4,AC,4:AC_square,ordinary_global_synchronization,0.3696666657924652,0.26899999380111694,1.8067385355631511,0.7805388371149699,0.1317753478360828,0.26899999380111694,2.122704029083252,0.870887815952301,0.11141842731740326,0.39500001072883606,1.7076997756958008,0.755659818649292,0.12761164631228894,0.4449999928474426,1.5898118019104004,0.7150688767433167,0.1562959698785562,False,fallback:validation_selected_interpolation,validation_selected_interpolation,0.2,0,0.41036914213923126,0.4873333275318146,1.4352130445412353e-07,1.1993830690802407e-14,2.0397525344761792e-14,1.0000000000000062,6.072919944699606e-14,False,0.012708512678633621,0.009563517294772977,0.12866666913032532,0.0010000069936116351,0.015666663646697998,False,False,True
4,AC,4:AC_square,validation_selected_interpolation,0.4983333349227905,0.41200000047683716,1.5096182823181152,0.6515063444773356,0.0753989052536781,0.41200000047683716,1.6609313488006592,0.7244546413421631,0.019507626260747202,0.531000018119812,1.4318498373031616,0.6184771656990051,0.06706497948471224,0.5519999861717224,1.436073660850525,0.6115872263908386,0.13962411001557484,False,fallback:validation_selected_interpolation,validation_selected_interpolation,0.2,11,0.41036914213923126,0.4873333275318146,1.4352130445412353e-07,1.1993830690802407e-14,2.0397525344761792e-14,1.0000000000000062,6.072919944699606e-14,False,0.012708512678633621,0.009563517294772977,0.0,0.0010000069936116351,0.015666663646697998,False,False,True
4,AC,4:AC_square,cycle_aware_synchronization,0.4983333349227905,0.41200000047683716,1.5096182823181152,0.6515063444773356,0.0753989052536781,0.41200000047683716,1.6609313488006592,0.7244546413421631,0.019507626260747202,0.531000018119812,1.4318498373031616,0.6184771656990051,0.06706497948471224,0.5519999861717224,1.436073660850525,0.6115872263908386,0.13962411001557484,False,fallback:validation_selected_interpolation,validation_selected_interpolation,0.2,0,0.41036914213923126,0.4873333275318146,1.4352130445412353e-07,1.1993830690802407e-14,2.0397525344761792e-14,1.0000000000000062,6.072919944699606e-14,False,0.012708512678633621,0.009563517294772977,0.0,0.0010000069936116351,0.015666663646697998,False,False,True
4,AC,4:AC_square,fallback_only_policy,0.4983333349227905,0.41200000047683716,1.5096182823181152,0.6515063444773356,0.0753989052536781,0.41200000047683716,1.6609313488006592,0.7244546413421631,0.019507626260747202,0.531000018119812,1.4318498373031616,0.6184771656990051,0.06706497948471224,0.5519999861717224,1.436073660850525,0.6115872263908386,0.13962411001557484,False,fallback:validation_selected_interpolation,validation_selected_interpolation,0.2,0,0.41036914213923126,0.4873333275318146,1.4352130445412353e-07,1.1993830690802407e-14,2.0397525344761792e-14,1.0000000000000062,6.072919944699606e-14,False,0.012708512678633621,0.009563517294772977,0.0,0.0010000069936116351,0.015666663646697998,False,False,True
4,AC,4:AC_square,joint_sequential_adaptation_oracle,0.500000019868215,0.4300000071525574,1.56130055586497,0.6660101215044657,0.09393549918604549,0.4300000071525574,1.624795913696289,0.7126854062080383,0.02378385458723642,0.5210000276565552,1.5518271923065186,0.6520345211029053,0.09965835651382804,0.5490000247955322,1.507278561592102,0.6333104372024536,0.158364286457072,False,fallback:validation_selected_interpolation,validation_selected_interpolation,0.2,0,0.41036914213923126,0.4873333275318146,1.4352130445412353e-07,1.1993830690802407e-14,2.0397525344761792e-14,1.0000000000000062,6.072919944699606e-14,False,0.012708512678633621,0.009563517294772977,-0.0016666849454244348,0.0010000069936116351,0.015666663646697998,True,True,True
4,AC,4:AC_square,prediction_ensemble_upper_bound,0.49800000588099164,0.33799999952316284,1.465666651725769,0.6400366822878519,0.0754205016613317,0.33799999952316284,1.8744279146194458,0.7965561151504517,0.10020136297680438,0.550000011920929,1.3370792865753174,0.5945212244987488,0.04756807765807025,0.6060000061988831,1.185492753982544,0.5290327072143555,0.07849206434912048,False,fallback:validation_selected_interpolation,validation_selected_interpolation,0.2,0,0.41036914213923126,0.4873333275318146,1.4352130445412353e-07,1.1993830690802407e-14,2.0397525344761792e-14,1.0000000000000062,6.072919944699606e-14,False,0.012708512678633621,0.009563517294772977,0.000333329041798891,0.0010000069936116351,0.015666663646697998,False,True,True
4,BC,4:BC_square,raw_parameter_average,0.48633334040641785,0.2619999945163727,1.5903160174687703,0.671945184469223,0.10822953840640064,0.2619999945163727,2.394723653793335,0.9380035996437073,0.2438452992355451,0.5490000247955322,1.2796550989151,0.5841038823127747,0.040895594167523086,0.6480000019073486,1.096569299697876,0.49372807145118713,0.03994772181613371,False,fallback:validation_selected_interpolation,validation_selected_interpolation,0.3,0,0.3029209535124973,0.31833332777023315,1.4058111589149892e-07,1.2487714071531094e-14,1.933104580287557e-14,1.0000000000000075,6.006306563222097e-14,False,0.008860647805889856,0.006319066517065169,0.0,0.0,0.007000009218851744,False,False,True
4,BC,4:BC_square,pairwise_reference_alignment,0.48500000437100727,0.26100000739097595,1.5889439980189006,0.6715635160605112,0.1088456049086138,0.26100000739097595,2.390207529067993,0.936974048614502,0.24457008724857587,0.550000011920929,1.2779643535614014,0.5829994082450867,0.04043259652098641,0.6439999938011169,1.0986601114273071,0.4947170913219452,0.041534130956279114,False,fallback:validation_selected_interpolation,validation_selected_interpolation,0.3,0,0.3029209535124973,0.31833332777023315,1.4058111589149892e-07,1.2487714071531094e-14,1.933104580287557e-14,1.0000000000000075,6.006306563222097e-14,False,0.008860647805889856,0.006319066517065169,0.0013333360354105817,0.0,0.007000009218851744,False,False,True
4,BC,4:BC_square,ordinary_global_synchronization,0.3240000009536743,0.18299999833106995,2.072850783665975,0.8648098508516947,0.22128602454904467,0.18299999833106995,2.689016819000244,1.038671851158142,0.3403128678619396,0.37400001287460327,1.7606000900268555,0.7865328192710876,0.14201330882497132,0.41499999165534973,1.7689354419708252,0.7692248821258545,0.1815318969602231,False,fallback:validation_selected_interpolation,validation_selected_interpolation,0.3,0,0.3029209535124973,0.31833332777023315,1.4058111589149892e-07,1.2487714071531094e-14,1.933104580287557e-14,1.0000000000000075,6.006306563222097e-14,False,0.008860647805889856,0.006319066517065169,0.16233333945274353,0.0,0.007000009218851744,False,False,True
4,BC,4:BC_square,validation_selected_interpolation,0.4846666653951009,0.26899999380111694,1.592239499092102,0.6719126303990682,0.11278918286552653,0.26899999380111694,2.3429009914398193,0.9224592447280884,0.23232418880797923,0.5590000152587891,1.267306923866272,0.5770992040634155,0.04171921464148909,0.6259999871253967,1.1665105819702148,0.5161794424057007,0.06432414514711127,False,fallback:validation_selected_interpolation,validation_selected_interpolation,0.3,11,0.3029209535124973,0.31833332777023315,1.4058111589149892e-07,1.2487714071531094e-14,1.933104580287557e-14,1.0000000000000075,6.006306563222097e-14,False,0.008860647805889856,0.006319066517065169,0.0016666750113169537,0.0,0.007000009218851744,False,False,True
4,BC,4:BC_square,cycle_aware_synchronization,0.4846666653951009,0.26899999380111694,1.592239499092102,0.6719126303990682,0.11278918286552653,0.26899999380111694,2.3429009914398193,0.9224592447280884,0.23232418880797923,0.5590000152587891,1.267306923866272,0.5770992040634155,0.04171921464148909,0.6259999871253967,1.1665105819702148,0.5161794424057007,0.06432414514711127,False,fallback:validation_selected_interpolation,validation_selected_interpolation,0.3,0,0.3029209535124973,0.31833332777023315,1.4058111589149892e-07,1.2487714071531094e-14,1.933104580287557e-14,1.0000000000000075,6.006306563222097e-14,False,0.008860647805889856,0.006319066517065169,0.0016666750113169537,0.0,0.007000009218851744,False,False,True
4,BC,4:BC_square,fallback_only_policy,0.4846666653951009,0.26899999380111694,1.592239499092102,0.6719126303990682,0.11278918286552653,0.26899999380111694,2.3429009914398193,0.9224592447280884,0.23232418880797923,0.5590000152587891,1.267306923866272,0.5770992040634155,0.04171921464148909,0.6259999871253967,1.1665105819702148,0.5161794424057007,0.06432414514711127,False,fallback:validation_selected_interpolation,validation_selected_interpolation,0.3,0,0.3029209535124973,0.31833332777023315,1.4058111589149892e-07,1.2487714071531094e-14,1.933104580287557e-14,1.0000000000000075,6.006306563222097e-14,False,0.008860647805889856,0.006319066517065169,0.0016666750113169537,0.0,0.007000009218851744,False,False,True
4,BC,4:BC_square,joint_sequential_adaptation_oracle,0.482999990383784,0.2750000059604645,1.6266907850901287,0.679768443107605,0.12377408834314944,0.2750000059604645,2.3403913974761963,0.9153058528900146,0.23559286237650667,0.5669999718666077,1.2753127813339233,0.5765299201011658,0.04165516002103686,0.6069999933242798,1.2643681764602661,0.5474695563316345,0.09407424263190478,False,fallback:validation_selected_interpolation,validation_selected_interpolation,0.3,0,0.3029209535124973,0.31833332777023315,1.4058111589149892e-07,1.2487714071531094e-14,1.933104580287557e-14,1.0000000000000075,6.006306563222097e-14,False,0.008860647805889856,0.006319066517065169,0.003333350022633852,0.0,0.007000009218851744,True,True,True
4,BC,4:BC_square,prediction_ensemble_upper_bound,0.48500000437100727,0.26100000739097595,1.5889439980189006,0.6715635259946188,0.10884560226016522,0.26100000739097595,2.390207529067993,0.936974048614502,0.24457007406454068,0.550000011920929,1.2779643535614014,0.5829994082450867,0.04043259518221021,0.6439999938011169,1.0986601114273071,0.4947171211242676,0.0415341375337448,False,fallback:validation_selected_interpolation,validation_selected_interpolation,0.3,0,0.3029209535124973,0.31833332777023315,1.4058111589149892e-07,1.2487714071531094e-14,1.933104580287557e-14,1.0000000000000075,6.006306563222097e-14,False,0.008860647805889856,0.006319066517065169,0.0013333360354105817,0.0,0.007000009218851744,False,True,True
