seed,node,parent,checkpoint_path,checkpoint_sha256,checkpoint_bytes,representations_path,representations_sha256,representations_bytes,test_logits_path,test_logits_sha256,test_logits_bytes,test_logits_hashed_before_labels
0,M0,,/Users/tinggong/Documents/Codex/2026-07-20/model-lineage-holonomy/work/TwistedMerge-model-lineage-holonomy/reports/tmp/model_lineage_holonomy/pilot/seed_0/M0_checkpoint.pt,5a66cb71a33aaabe90d2a0b9ac17569dfc139c159cece7b35b4f63f37e21f473,7257,/Users/tinggong/Documents/Codex/2026-07-20/model-lineage-holonomy/work/TwistedMerge-model-lineage-holonomy/reports/tmp/model_lineage_holonomy/pilot/seed_0/M0_representations.npz,84ae7248aeeba43fc3beb50b907d4e27bff333ddf63211e66d268c94c05e0555,3290526,/Users/tinggong/Documents/Codex/2026-07-20/model-lineage-holonomy/work/TwistedMerge-model-lineage-holonomy/reports/tmp/model_lineage_holonomy/pilot/seed_0/M0_test_logits.npz,855cab4a8bfd4e95e3d4c5193387375f47566cfc5c45801820b8a612fa4e9b31,111996,True
0,M_A,M0,/Users/tinggong/Documents/Codex/2026-07-20/model-lineage-holonomy/work/TwistedMerge-model-lineage-holonomy/reports/tmp/model_lineage_holonomy/pilot/seed_0/M_A_checkpoint.pt,ea5ba9e9562edcf04ed209e6eb82efa201fd4ebc03885113bc4888dc7638f5a9,7331,/Users/tinggong/Documents/Codex/2026-07-20/model-lineage-holonomy/work/TwistedMerge-model-lineage-holonomy/reports/tmp/model_lineage_holonomy/pilot/seed_0/M_A_representations.npz,bfee6f5f2c94adeeaa60d52abb317e14dd6b46870d3f0b1ff0719b2426ce4872,3291212,/Users/tinggong/Documents/Codex/2026-07-20/model-lineage-holonomy/work/TwistedMerge-model-lineage-holonomy/reports/tmp/model_lineage_holonomy/pilot/seed_0/M_A_test_logits.npz,96f15bac3bbda8bb707689e0ddc8df270f422ab278194210daa1d2dbd176a6ad,112116,True
0,M_B,M0,/Users/tinggong/Documents/Codex/2026-07-20/model-lineage-holonomy/work/TwistedMerge-model-lineage-holonomy/reports/tmp/model_lineage_holonomy/pilot/seed_0/M_B_checkpoint.pt,59d0680c18c9efbd5f8c9b2f6b8174199ba55dc934339d5de8ec35dde5415fbf,7331,/Users/tinggong/Documents/Codex/2026-07-20/model-lineage-holonomy/work/TwistedMerge-model-lineage-holonomy/reports/tmp/model_lineage_holonomy/pilot/seed_0/M_B_representations.npz,326a7697eeeb44eb4ce823e6bbd28354e39c9f460cce18b2475ac3490f63bd4b,3290200,/Users/tinggong/Documents/Codex/2026-07-20/model-lineage-holonomy/work/TwistedMerge-model-lineage-holonomy/reports/tmp/model_lineage_holonomy/pilot/seed_0/M_B_test_logits.npz,57e53be240baa13daa0fa883e48b654db21143457ad6262f367bb667288df181,111996,True
0,M_C,M0,/Users/tinggong/Documents/Codex/2026-07-20/model-lineage-holonomy/work/TwistedMerge-model-lineage-holonomy/reports/tmp/model_lineage_holonomy/pilot/seed_0/M_C_checkpoint.pt,67c20342b752706dc9f4089b41e131c069b71bc671eaaa2c8cae69b5d54681c9,7331,/Users/tinggong/Documents/Codex/2026-07-20/model-lineage-holonomy/work/TwistedMerge-model-lineage-holonomy/reports/tmp/model_lineage_holonomy/pilot/seed_0/M_C_representations.npz,18fe6b7980ad3419de5b3548070a42c8183d50b56b713a81178b991960cfb4eb,3290001,/Users/tinggong/Documents/Codex/2026-07-20/model-lineage-holonomy/work/TwistedMerge-model-lineage-holonomy/reports/tmp/model_lineage_holonomy/pilot/seed_0/M_C_test_logits.npz,d1e7f6f809938e825341eee72463560150123e083a146a5515a9a43125ad1a13,112026,True
0,M_AB,M_A,/Users/tinggong/Documents/Codex/2026-07-20/model-lineage-holonomy/work/TwistedMerge-model-lineage-holonomy/reports/tmp/model_lineage_holonomy/pilot/seed_0/M_AB_checkpoint.pt,0d389381518e52d197009c76da209ff5b9f57f0664b378351f3733606553d127,7341,/Users/tinggong/Documents/Codex/2026-07-20/model-lineage-holonomy/work/TwistedMerge-model-lineage-holonomy/reports/tmp/model_lineage_holonomy/pilot/seed_0/M_AB_representations.npz,74a37a362da76271560e153bccf2a72c3eebb0f7234487190e556f4f2751cae6,3290539,/Users/tinggong/Documents/Codex/2026-07-20/model-lineage-holonomy/work/TwistedMerge-model-lineage-holonomy/reports/tmp/model_lineage_holonomy/pilot/seed_0/M_AB_test_logits.npz,8fb66be9973610babb1aebaff0538ff441ec5ce71eb3068744121aa655641991,111995,True
0,M_AC,M_A,/Users/tinggong/Documents/Codex/2026-07-20/model-lineage-holonomy/work/TwistedMerge-model-lineage-holonomy/reports/tmp/model_lineage_holonomy/pilot/seed_0/M_AC_checkpoint.pt,927ec4b85d9de5bc8c8b9521268c1e418cc586a30e0b875fa180b9aebf0c81e8,7341,/Users/tinggong/Documents/Codex/2026-07-20/model-lineage-holonomy/work/TwistedMerge-model-lineage-holonomy/reports/tmp/model_lineage_holonomy/pilot/seed_0/M_AC_representations.npz,c503e42cafe26d9927b4470f3370d3a9068193179ca4313782f889e938af2887,3290501,/Users/tinggong/Documents/Codex/2026-07-20/model-lineage-holonomy/work/TwistedMerge-model-lineage-holonomy/reports/tmp/model_lineage_holonomy/pilot/seed_0/M_AC_test_logits.npz,ace3159a8e72d7625a0885d4f6df27277487a27168035345641a0c3542e344ca,112036,True
0,M_BA,M_B,/Users/tinggong/Documents/Codex/2026-07-20/model-lineage-holonomy/work/TwistedMerge-model-lineage-holonomy/reports/tmp/model_lineage_holonomy/pilot/seed_0/M_BA_checkpoint.pt,e59fa3f1271df200f9694cea62fc93902b289f6ae75c3882d0cf19cc9921438a,7341,/Users/tinggong/Documents/Codex/2026-07-20/model-lineage-holonomy/work/TwistedMerge-model-lineage-holonomy/reports/tmp/model_lineage_holonomy/pilot/seed_0/M_BA_representations.npz,f55074613e36bec38ba93ee09f4bdbbca0b918d2376b498381ae8ccb9bd9aa10,3290736,/Users/tinggong/Documents/Codex/2026-07-20/model-lineage-holonomy/work/TwistedMerge-model-lineage-holonomy/reports/tmp/model_lineage_holonomy/pilot/seed_0/M_BA_test_logits.npz,616a8f8a617987179d5974653cd31b2ff1da717fd49f9038162bf0d5bac03303,112103,True
0,M_BC,M_B,/Users/tinggong/Documents/Codex/2026-07-20/model-lineage-holonomy/work/TwistedMerge-model-lineage-holonomy/reports/tmp/model_lineage_holonomy/pilot/seed_0/M_BC_checkpoint.pt,4175274554192595f3364bfd23f6be0a1e4dad135cd0af0ac4dfbd220f90b95c,7341,/Users/tinggong/Documents/Codex/2026-07-20/model-lineage-holonomy/work/TwistedMerge-model-lineage-holonomy/reports/tmp/model_lineage_holonomy/pilot/seed_0/M_BC_representations.npz,3a7203936bff091aa5d1c8c7ced038179e548ee15caa6e4be9547f0a7653e417,3290041,/Users/tinggong/Documents/Codex/2026-07-20/model-lineage-holonomy/work/TwistedMerge-model-lineage-holonomy/reports/tmp/model_lineage_holonomy/pilot/seed_0/M_BC_test_logits.npz,28ed45c6e39d6e95e4645c851c5bd40a209181b03237e43354e9ead89318c4d7,112019,True
0,M_CA,M_C,/Users/tinggong/Documents/Codex/2026-07-20/model-lineage-holonomy/work/TwistedMerge-model-lineage-holonomy/reports/tmp/model_lineage_holonomy/pilot/seed_0/M_CA_checkpoint.pt,89a5156c2b275e10926d56294baad9cfb1ae6c769d1f8aa3776ac789bfe54b53,7341,/Users/tinggong/Documents/Codex/2026-07-20/model-lineage-holonomy/work/TwistedMerge-model-lineage-holonomy/reports/tmp/model_lineage_holonomy/pilot/seed_0/M_CA_representations.npz,79b9b82b8f4bbe9a60f1963808551bd264a423dd840637821a5cef7a49784c05,3290722,/Users/tinggong/Documents/Codex/2026-07-20/model-lineage-holonomy/work/TwistedMerge-model-lineage-holonomy/reports/tmp/model_lineage_holonomy/pilot/seed_0/M_CA_test_logits.npz,ff187ddc1ce8b8bf690c73cb7c967d0cfc60911843602c6f9a1b6ebb7f5d28a1,112117,True
0,M_CB,M_C,/Users/tinggong/Documents/Codex/2026-07-20/model-lineage-holonomy/work/TwistedMerge-model-lineage-holonomy/reports/tmp/model_lineage_holonomy/pilot/seed_0/M_CB_checkpoint.pt,4f049c66104e3f272134a5d2a93da5ff2dba0371ea55b6ae337093c8be0ce7e4,7341,/Users/tinggong/Documents/Codex/2026-07-20/model-lineage-holonomy/work/TwistedMerge-model-lineage-holonomy/reports/tmp/model_lineage_holonomy/pilot/seed_0/M_CB_representations.npz,96107a381a50749bb14c50789570eadbdabc2bc79cfe37a23726d13c86d568b7,3290212,/Users/tinggong/Documents/Codex/2026-07-20/model-lineage-holonomy/work/TwistedMerge-model-lineage-holonomy/reports/tmp/model_lineage_holonomy/pilot/seed_0/M_CB_test_logits.npz,179f586ac217e60f4cfe73df72a5885573e72abd44e10610dca5e80681608948,111908,True
0,M_ABC,M_AB,/Users/tinggong/Documents/Codex/2026-07-20/model-lineage-holonomy/work/TwistedMerge-model-lineage-holonomy/reports/tmp/model_lineage_holonomy/pilot/seed_0/M_ABC_checkpoint.pt,975d31a187f8786abf946c4d491954ee75c9dfe6252c9e1dcb2b0bdf5fef6f20,7351,/Users/tinggong/Documents/Codex/2026-07-20/model-lineage-holonomy/work/TwistedMerge-model-lineage-holonomy/reports/tmp/model_lineage_holonomy/pilot/seed_0/M_ABC_representations.npz,8cd3a9ee5c287133a9ef40e9c789f111e267af109b9c57cbf69edb87f1b64e88,3290282,/Users/tinggong/Documents/Codex/2026-07-20/model-lineage-holonomy/work/TwistedMerge-model-lineage-holonomy/reports/tmp/model_lineage_holonomy/pilot/seed_0/M_ABC_test_logits.npz,a678263c96a0cb3baabe0de87dfb2467cc1f523617e4e432f56b6d5e3c45f020,112071,True
0,M_ACB,M_AC,/Users/tinggong/Documents/Codex/2026-07-20/model-lineage-holonomy/work/TwistedMerge-model-lineage-holonomy/reports/tmp/model_lineage_holonomy/pilot/seed_0/M_ACB_checkpoint.pt,d15ee426807c196412e3e37392e03be9cb839e1221ae4e51540a2bd27597a932,7351,/Users/tinggong/Documents/Codex/2026-07-20/model-lineage-holonomy/work/TwistedMerge-model-lineage-holonomy/reports/tmp/model_lineage_holonomy/pilot/seed_0/M_ACB_representations.npz,83483ce2bd06c11f05875372e6b3261b5daeebea6bc0564c176debfd0cc8fb5d,3290687,/Users/tinggong/Documents/Codex/2026-07-20/model-lineage-holonomy/work/TwistedMerge-model-lineage-holonomy/reports/tmp/model_lineage_holonomy/pilot/seed_0/M_ACB_test_logits.npz,e12d383f44023a9fc2601240d6161155270311f1155b0e886e6fe1d1217fcbad,111999,True
0,M_BAC,M_BA,/Users/tinggong/Documents/Codex/2026-07-20/model-lineage-holonomy/work/TwistedMerge-model-lineage-holonomy/reports/tmp/model_lineage_holonomy/pilot/seed_0/M_BAC_checkpoint.pt,4d4f23be7a82a97b91f815253b60c3d38c5a130b5281e49b8d178933a7c8962f,7351,/Users/tinggong/Documents/Codex/2026-07-20/model-lineage-holonomy/work/TwistedMerge-model-lineage-holonomy/reports/tmp/model_lineage_holonomy/pilot/seed_0/M_BAC_representations.npz,9baba99f3aaa9129b46a3d55193be99d886b8612f542e37c8c41e7bc413622eb,3290183,/Users/tinggong/Documents/Codex/2026-07-20/model-lineage-holonomy/work/TwistedMerge-model-lineage-holonomy/reports/tmp/model_lineage_holonomy/pilot/seed_0/M_BAC_test_logits.npz,b4c7c8b6b072f95aaeac70cddf1dc91cdbb9194bb2311ecae07c3dd3690da69a,111953,True
0,M_BCA,M_BC,/Users/tinggong/Documents/Codex/2026-07-20/model-lineage-holonomy/work/TwistedMerge-model-lineage-holonomy/reports/tmp/model_lineage_holonomy/pilot/seed_0/M_BCA_checkpoint.pt,606229ddc65241221f0726c473eb9c26ac7b8f4ec68999e818cb5a8d166a909e,7351,/Users/tinggong/Documents/Codex/2026-07-20/model-lineage-holonomy/work/TwistedMerge-model-lineage-holonomy/reports/tmp/model_lineage_holonomy/pilot/seed_0/M_BCA_representations.npz,ed322590cbb66c8fc2567f795c33971edb043e4159088274a50250c6836d0476,3290907,/Users/tinggong/Documents/Codex/2026-07-20/model-lineage-holonomy/work/TwistedMerge-model-lineage-holonomy/reports/tmp/model_lineage_holonomy/pilot/seed_0/M_BCA_test_logits.npz,4d8d5592fa0268c1f30d8facf270f6d7a4bb0aad63902606a7c58b02385624b5,112134,True
0,M_CAB,M_CA,/Users/tinggong/Documents/Codex/2026-07-20/model-lineage-holonomy/work/TwistedMerge-model-lineage-holonomy/reports/tmp/model_lineage_holonomy/pilot/seed_0/M_CAB_checkpoint.pt,83a13ca137581c39a1c17f6d45407c1aab7d4f7012b4ff5c08317d2528dd27b2,7351,/Users/tinggong/Documents/Codex/2026-07-20/model-lineage-holonomy/work/TwistedMerge-model-lineage-holonomy/reports/tmp/model_lineage_holonomy/pilot/seed_0/M_CAB_representations.npz,118180e6a76f0d77f8d42a3f539f4658e3f6649c0fc02feabcf177271411daf6,3290683,/Users/tinggong/Documents/Codex/2026-07-20/model-lineage-holonomy/work/TwistedMerge-model-lineage-holonomy/reports/tmp/model_lineage_holonomy/pilot/seed_0/M_CAB_test_logits.npz,9a067d1d1a905ee289737e0743d7e814fd87df5366a04be9373f2aea83ecbe0f,112013,True
0,M_CBA,M_CB,/Users/tinggong/Documents/Codex/2026-07-20/model-lineage-holonomy/work/TwistedMerge-model-lineage-holonomy/reports/tmp/model_lineage_holonomy/pilot/seed_0/M_CBA_checkpoint.pt,8e25f96648c77f21fbde6a42228a758901bb5c2d96c36be30fd9dbd663ae0bf7,7351,/Users/tinggong/Documents/Codex/2026-07-20/model-lineage-holonomy/work/TwistedMerge-model-lineage-holonomy/reports/tmp/model_lineage_holonomy/pilot/seed_0/M_CBA_representations.npz,3bf7987697f8da06e9633b4c5a81cbf42b225603e6a34f6c13ce7aab6494c639,3290946,/Users/tinggong/Documents/Codex/2026-07-20/model-lineage-holonomy/work/TwistedMerge-model-lineage-holonomy/reports/tmp/model_lineage_holonomy/pilot/seed_0/M_CBA_test_logits.npz,1f5c83295f6dfa625a81e565760822ff2140ec5a1adc8c0e539870f8726713d5,112077,True
1,M0,,/Users/tinggong/Documents/Codex/2026-07-20/model-lineage-holonomy/work/TwistedMerge-model-lineage-holonomy/reports/tmp/model_lineage_holonomy/pilot/seed_1/M0_checkpoint.pt,74610d05831094341730a50eda8bc8b70efe31fa3fda04ee9565cf0162378e3b,7257,/Users/tinggong/Documents/Codex/2026-07-20/model-lineage-holonomy/work/TwistedMerge-model-lineage-holonomy/reports/tmp/model_lineage_holonomy/pilot/seed_1/M0_representations.npz,0282f3d4aad714f46ef1ef113eed32b1e996dc77d56f4e9588ef58ab68e45c0e,3289713,/Users/tinggong/Documents/Codex/2026-07-20/model-lineage-holonomy/work/TwistedMerge-model-lineage-holonomy/reports/tmp/model_lineage_holonomy/pilot/seed_1/M0_test_logits.npz,a21bd941fda05f2cf8367bf00786168eea6a3a1885b1fa8faa3abaa5d46586f8,111971,True
1,M_A,M0,/Users/tinggong/Documents/Codex/2026-07-20/model-lineage-holonomy/work/TwistedMerge-model-lineage-holonomy/reports/tmp/model_lineage_holonomy/pilot/seed_1/M_A_checkpoint.pt,77c640c3f60bb2bc5717d7d460af0f58a527e63ecfcdc5add85b0936fbef46c1,7331,/Users/tinggong/Documents/Codex/2026-07-20/model-lineage-holonomy/work/TwistedMerge-model-lineage-holonomy/reports/tmp/model_lineage_holonomy/pilot/seed_1/M_A_representations.npz,f9615fae25cf618c63643b04457d24c9efba5d016ef0466bca7c0d75ac287203,3290234,/Users/tinggong/Documents/Codex/2026-07-20/model-lineage-holonomy/work/TwistedMerge-model-lineage-holonomy/reports/tmp/model_lineage_holonomy/pilot/seed_1/M_A_test_logits.npz,1c794a4de7d946991634c5124a72c2372ba25af953110f370ba6f49071f2ebf1,112117,True
1,M_B,M0,/Users/tinggong/Documents/Codex/2026-07-20/model-lineage-holonomy/work/TwistedMerge-model-lineage-holonomy/reports/tmp/model_lineage_holonomy/pilot/seed_1/M_B_checkpoint.pt,fd47294dcdea6bcaae55e72c355f597ad38b32fd635ab21cf36a750c34d422af,7331,/Users/tinggong/Documents/Codex/2026-07-20/model-lineage-holonomy/work/TwistedMerge-model-lineage-holonomy/reports/tmp/model_lineage_holonomy/pilot/seed_1/M_B_representations.npz,994f7d2b0a36888461ae08e334209f04544afd889a18de36fde3624c369bc739,3289691,/Users/tinggong/Documents/Codex/2026-07-20/model-lineage-holonomy/work/TwistedMerge-model-lineage-holonomy/reports/tmp/model_lineage_holonomy/pilot/seed_1/M_B_test_logits.npz,0f4ff0e46f018fa697e9679d20847266ea2e4b09c5306067b1e7f6c78ed2ecc3,111993,True
1,M_C,M0,/Users/tinggong/Documents/Codex/2026-07-20/model-lineage-holonomy/work/TwistedMerge-model-lineage-holonomy/reports/tmp/model_lineage_holonomy/pilot/seed_1/M_C_checkpoint.pt,cd95530122680769472acce01a42f7b0cc22ca1ef6898ef37a70e6c2e226b566,7331,/Users/tinggong/Documents/Codex/2026-07-20/model-lineage-holonomy/work/TwistedMerge-model-lineage-holonomy/reports/tmp/model_lineage_holonomy/pilot/seed_1/M_C_representations.npz,1b1235ce0f4f41557e58d08f2d70b2ffc07b5728dece52e503824c541f5e0a47,3289196,/Users/tinggong/Documents/Codex/2026-07-20/model-lineage-holonomy/work/TwistedMerge-model-lineage-holonomy/reports/tmp/model_lineage_holonomy/pilot/seed_1/M_C_test_logits.npz,8fe5ea48a2da2a0bf62eb5d382463de1a29dd872addd7859fc3a3b3adb662bbd,112018,True
1,M_AB,M_A,/Users/tinggong/Documents/Codex/2026-07-20/model-lineage-holonomy/work/TwistedMerge-model-lineage-holonomy/reports/tmp/model_lineage_holonomy/pilot/seed_1/M_AB_checkpoint.pt,4f3ff7fa86d22d78cb4851a6f82a01c8fa3134a6ed72825a666e82b5b05184a6,7341,/Users/tinggong/Documents/Codex/2026-07-20/model-lineage-holonomy/work/TwistedMerge-model-lineage-holonomy/reports/tmp/model_lineage_holonomy/pilot/seed_1/M_AB_representations.npz,630b9e7ed3134d9b9a1671f8e611d558bbd111c3d1c2f2cba723b6221f6be8ec,3289658,/Users/tinggong/Documents/Codex/2026-07-20/model-lineage-holonomy/work/TwistedMerge-model-lineage-holonomy/reports/tmp/model_lineage_holonomy/pilot/seed_1/M_AB_test_logits.npz,252025ddc7c71bc332af67d2ed9f306fbf1ceff8e96f26520f1bf5f86214003e,112011,True
1,M_AC,M_A,/Users/tinggong/Documents/Codex/2026-07-20/model-lineage-holonomy/work/TwistedMerge-model-lineage-holonomy/reports/tmp/model_lineage_holonomy/pilot/seed_1/M_AC_checkpoint.pt,91a327db889ef52b17f0020a37cd2787cc6a336d130bbf32d155c6acd21c9fc3,7341,/Users/tinggong/Documents/Codex/2026-07-20/model-lineage-holonomy/work/TwistedMerge-model-lineage-holonomy/reports/tmp/model_lineage_holonomy/pilot/seed_1/M_AC_representations.npz,24eb955139a0806816bd0b0fbde9561f50d55fb96e882a167fb60358fb26e51d,3288829,/Users/tinggong/Documents/Codex/2026-07-20/model-lineage-holonomy/work/TwistedMerge-model-lineage-holonomy/reports/tmp/model_lineage_holonomy/pilot/seed_1/M_AC_test_logits.npz,a637b80fc536e659a64d5eb1cad2e18034dcf508b379348cbe91ccdfa1392107,112027,True
1,M_BA,M_B,/Users/tinggong/Documents/Codex/2026-07-20/model-lineage-holonomy/work/TwistedMerge-model-lineage-holonomy/reports/tmp/model_lineage_holonomy/pilot/seed_1/M_BA_checkpoint.pt,e9469258a92dc7041af4e7fcd385a51b26695c37c5a34cf9379adb7d610a85a8,7341,/Users/tinggong/Documents/Codex/2026-07-20/model-lineage-holonomy/work/TwistedMerge-model-lineage-holonomy/reports/tmp/model_lineage_holonomy/pilot/seed_1/M_BA_representations.npz,cadce4419604837a4724f7b800a3588c8a360abb80c9410a77a018b80cbe03f7,3290720,/Users/tinggong/Documents/Codex/2026-07-20/model-lineage-holonomy/work/TwistedMerge-model-lineage-holonomy/reports/tmp/model_lineage_holonomy/pilot/seed_1/M_BA_test_logits.npz,0c4ac0c5381b32632ebf5a45924932f7070331436a4f508e71b4d813c78d8122,112068,True
1,M_BC,M_B,/Users/tinggong/Documents/Codex/2026-07-20/model-lineage-holonomy/work/TwistedMerge-model-lineage-holonomy/reports/tmp/model_lineage_holonomy/pilot/seed_1/M_BC_checkpoint.pt,1f2d6438e5acdcf4c3f82e806b5ae453e5abb7e8b8bf76defd839db97bc9cd91,7341,/Users/tinggong/Documents/Codex/2026-07-20/model-lineage-holonomy/work/TwistedMerge-model-lineage-holonomy/reports/tmp/model_lineage_holonomy/pilot/seed_1/M_BC_representations.npz,93a1ac7ba31cf7ce9c018c49c62756144feebcc7fe4530366dbcf77ade0b058a,3289395,/Users/tinggong/Documents/Codex/2026-07-20/model-lineage-holonomy/work/TwistedMerge-model-lineage-holonomy/reports/tmp/model_lineage_holonomy/pilot/seed_1/M_BC_test_logits.npz,422c758b899047402dc627a5212eddc1bf8a4afa030343b12220d83b122deeaa,112111,True
1,M_CA,M_C,/Users/tinggong/Documents/Codex/2026-07-20/model-lineage-holonomy/work/TwistedMerge-model-lineage-holonomy/reports/tmp/model_lineage_holonomy/pilot/seed_1/M_CA_checkpoint.pt,1f2b6fbfd831b0454b1c573bf4c2f144b149a4495b073d97b7213b6b8afc8e52,7341,/Users/tinggong/Documents/Codex/2026-07-20/model-lineage-holonomy/work/TwistedMerge-model-lineage-holonomy/reports/tmp/model_lineage_holonomy/pilot/seed_1/M_CA_representations.npz,832dac272863cac399b01569fe04e0d32110a1e819048ce535778e88a26be115,3290468,/Users/tinggong/Documents/Codex/2026-07-20/model-lineage-holonomy/work/TwistedMerge-model-lineage-holonomy/reports/tmp/model_lineage_holonomy/pilot/seed_1/M_CA_test_logits.npz,dc6e725b008fc0fa5a37b69e95450184bd18cdf04faf6d5d6b84ce56dabf5d07,112142,True
1,M_CB,M_C,/Users/tinggong/Documents/Codex/2026-07-20/model-lineage-holonomy/work/TwistedMerge-model-lineage-holonomy/reports/tmp/model_lineage_holonomy/pilot/seed_1/M_CB_checkpoint.pt,25aa72beb6f44f7a968651f801fe83fe26bf41df6ff5dedcc8b7fbe5830ee1b2,7341,/Users/tinggong/Documents/Codex/2026-07-20/model-lineage-holonomy/work/TwistedMerge-model-lineage-holonomy/reports/tmp/model_lineage_holonomy/pilot/seed_1/M_CB_representations.npz,361f84c6fc8b7dfa7ebdda7ba0ea8ec7556bdd2ff484fe31cbb90076b575b87f,3289666,/Users/tinggong/Documents/Codex/2026-07-20/model-lineage-holonomy/work/TwistedMerge-model-lineage-holonomy/reports/tmp/model_lineage_holonomy/pilot/seed_1/M_CB_test_logits.npz,9824232c43250afc44368dc8f2072bfbc0b0e3df2c838020568075419c451828,111936,True
1,M_ABC,M_AB,/Users/tinggong/Documents/Codex/2026-07-20/model-lineage-holonomy/work/TwistedMerge-model-lineage-holonomy/reports/tmp/model_lineage_holonomy/pilot/seed_1/M_ABC_checkpoint.pt,6074a20c12cb1217a1c32a850f7176da105a99c2b4b14b964105e955a48efa0a,7351,/Users/tinggong/Documents/Codex/2026-07-20/model-lineage-holonomy/work/TwistedMerge-model-lineage-holonomy/reports/tmp/model_lineage_holonomy/pilot/seed_1/M_ABC_representations.npz,d4484b1b68f91f52e4dabbd8e7e714b1f841de54a694b55605c00dfcc7df839c,3288720,/Users/tinggong/Documents/Codex/2026-07-20/model-lineage-holonomy/work/TwistedMerge-model-lineage-holonomy/reports/tmp/model_lineage_holonomy/pilot/seed_1/M_ABC_test_logits.npz,f52d380dc34f27a8e385846b89dbe5e08da27c4641886e4fb1fae1141be3a46e,112001,True
1,M_ACB,M_AC,/Users/tinggong/Documents/Codex/2026-07-20/model-lineage-holonomy/work/TwistedMerge-model-lineage-holonomy/reports/tmp/model_lineage_holonomy/pilot/seed_1/M_ACB_checkpoint.pt,c23c41cfb5c333d25bf6c18ccf85d1aec637f1bc28d69841385defb146b350bb,7351,/Users/tinggong/Documents/Codex/2026-07-20/model-lineage-holonomy/work/TwistedMerge-model-lineage-holonomy/reports/tmp/model_lineage_holonomy/pilot/seed_1/M_ACB_representations.npz,e221fc4999c4c6678bf4b2a8e534f1bf088841ddbcc5447257b68270ad1ee054,3289544,/Users/tinggong/Documents/Codex/2026-07-20/model-lineage-holonomy/work/TwistedMerge-model-lineage-holonomy/reports/tmp/model_lineage_holonomy/pilot/seed_1/M_ACB_test_logits.npz,21c053e552ec235c13eabbe4e226227039e36e5f58fe8b102a707813cc2c3b27,112011,True
1,M_BAC,M_BA,/Users/tinggong/Documents/Codex/2026-07-20/model-lineage-holonomy/work/TwistedMerge-model-lineage-holonomy/reports/tmp/model_lineage_holonomy/pilot/seed_1/M_BAC_checkpoint.pt,6a6e3335b4189a8de1108595906b5a029585fb52879055232770894a08a5e415,7351,/Users/tinggong/Documents/Codex/2026-07-20/model-lineage-holonomy/work/TwistedMerge-model-lineage-holonomy/reports/tmp/model_lineage_holonomy/pilot/seed_1/M_BAC_representations.npz,3792a533898bafec4e10dbb5f06d0223feba78fbd94b1aae6e7d48aeb320afbc,3289129,/Users/tinggong/Documents/Codex/2026-07-20/model-lineage-holonomy/work/TwistedMerge-model-lineage-holonomy/reports/tmp/model_lineage_holonomy/pilot/seed_1/M_BAC_test_logits.npz,3b8498999494d7ad42c46e3b7e15526041109ce75acccd6a08af5e70a24ac9fc,111983,True
1,M_BCA,M_BC,/Users/tinggong/Documents/Codex/2026-07-20/model-lineage-holonomy/work/TwistedMerge-model-lineage-holonomy/reports/tmp/model_lineage_holonomy/pilot/seed_1/M_BCA_checkpoint.pt,0c2e295402b31fd757b26d1dedbcc2e20cd6911a73571cf958949117db2db350,7351,/Users/tinggong/Documents/Codex/2026-07-20/model-lineage-holonomy/work/TwistedMerge-model-lineage-holonomy/reports/tmp/model_lineage_holonomy/pilot/seed_1/M_BCA_representations.npz,709e668f00010f3e3b451dcb9ed009971e3b51d2c435dd5671c9fbc987b4f31a,3290414,/Users/tinggong/Documents/Codex/2026-07-20/model-lineage-holonomy/work/TwistedMerge-model-lineage-holonomy/reports/tmp/model_lineage_holonomy/pilot/seed_1/M_BCA_test_logits.npz,d410c51f61999f24709473e9ad72c175c9b6e79393aee83a8eff8f530fbf6484,112148,True
1,M_CAB,M_CA,/Users/tinggong/Documents/Codex/2026-07-20/model-lineage-holonomy/work/TwistedMerge-model-lineage-holonomy/reports/tmp/model_lineage_holonomy/pilot/seed_1/M_CAB_checkpoint.pt,34775ef1e63dc4938f5a784748b9ec3cf335afb34982a675697f32d04d838a13,7351,/Users/tinggong/Documents/Codex/2026-07-20/model-lineage-holonomy/work/TwistedMerge-model-lineage-holonomy/reports/tmp/model_lineage_holonomy/pilot/seed_1/M_CAB_representations.npz,4f4abb69a2d7ad2c0c934c79bfd1def492adb90eb438ca30f6eac74b2bec52d2,3289721,/Users/tinggong/Documents/Codex/2026-07-20/model-lineage-holonomy/work/TwistedMerge-model-lineage-holonomy/reports/tmp/model_lineage_holonomy/pilot/seed_1/M_CAB_test_logits.npz,743a6e20f40b95cbc2ec3b7201ca8a7a13cf362c2825d5a7de5dd1e8c70af9f0,111997,True
1,M_CBA,M_CB,/Users/tinggong/Documents/Codex/2026-07-20/model-lineage-holonomy/work/TwistedMerge-model-lineage-holonomy/reports/tmp/model_lineage_holonomy/pilot/seed_1/M_CBA_checkpoint.pt,296a26174377506f5163af55b4992c48a5380f47997cdb708920f7ab8d57d2f0,7351,/Users/tinggong/Documents/Codex/2026-07-20/model-lineage-holonomy/work/TwistedMerge-model-lineage-holonomy/reports/tmp/model_lineage_holonomy/pilot/seed_1/M_CBA_representations.npz,128d58db73b1a00b63c00913c6ea209542333fe9d731bdc29905b9c8e9912f8b,3290707,/Users/tinggong/Documents/Codex/2026-07-20/model-lineage-holonomy/work/TwistedMerge-model-lineage-holonomy/reports/tmp/model_lineage_holonomy/pilot/seed_1/M_CBA_test_logits.npz,f21bd730b98bc80b62f28a254da0ce3fda13fe8f23fe6dad997cfe01e5189efe,112119,True
2,M0,,/Users/tinggong/Documents/Codex/2026-07-20/model-lineage-holonomy/work/TwistedMerge-model-lineage-holonomy/reports/tmp/model_lineage_holonomy/pilot/seed_2/M0_checkpoint.pt,fe412234c6bba310fa2b4179abe115b0588c4f5eafdcea840c13c473f466fa7f,7257,/Users/tinggong/Documents/Codex/2026-07-20/model-lineage-holonomy/work/TwistedMerge-model-lineage-holonomy/reports/tmp/model_lineage_holonomy/pilot/seed_2/M0_representations.npz,ac01ca08b8412d803778487c74f84d66fa3b18ddad2b96ad39f8f9de90369115,3290284,/Users/tinggong/Documents/Codex/2026-07-20/model-lineage-holonomy/work/TwistedMerge-model-lineage-holonomy/reports/tmp/model_lineage_holonomy/pilot/seed_2/M0_test_logits.npz,b4c0edada7f2bfd4bb79a259db05dd5c334ef63e2cdb4a04fa4583a2ba25cb56,112049,True
2,M_A,M0,/Users/tinggong/Documents/Codex/2026-07-20/model-lineage-holonomy/work/TwistedMerge-model-lineage-holonomy/reports/tmp/model_lineage_holonomy/pilot/seed_2/M_A_checkpoint.pt,d0e0923f7f5bca7750d4489d232ae45a7f3f0b463b35b76e2866cd02d980258b,7331,/Users/tinggong/Documents/Codex/2026-07-20/model-lineage-holonomy/work/TwistedMerge-model-lineage-holonomy/reports/tmp/model_lineage_holonomy/pilot/seed_2/M_A_representations.npz,6e134d865bec49426d93ada2bdc70dc23a9b9b0ea9a4b48ca72db1fa8d98f2d7,3291293,/Users/tinggong/Documents/Codex/2026-07-20/model-lineage-holonomy/work/TwistedMerge-model-lineage-holonomy/reports/tmp/model_lineage_holonomy/pilot/seed_2/M_A_test_logits.npz,cc42164c8fcb09f495fc797849a7cdc9ac7967b7409b8138108b6b0ab749d857,112025,True
2,M_B,M0,/Users/tinggong/Documents/Codex/2026-07-20/model-lineage-holonomy/work/TwistedMerge-model-lineage-holonomy/reports/tmp/model_lineage_holonomy/pilot/seed_2/M_B_checkpoint.pt,2cb3bb67ca72d9115e1b3937173f9371c36b5bc6bf7d55e3b726e2b19e478c56,7331,/Users/tinggong/Documents/Codex/2026-07-20/model-lineage-holonomy/work/TwistedMerge-model-lineage-holonomy/reports/tmp/model_lineage_holonomy/pilot/seed_2/M_B_representations.npz,873b82b8c22e396a89f810e147e91900616dc06b93e50d3a67814145e1ca9ca9,3289877,/Users/tinggong/Documents/Codex/2026-07-20/model-lineage-holonomy/work/TwistedMerge-model-lineage-holonomy/reports/tmp/model_lineage_holonomy/pilot/seed_2/M_B_test_logits.npz,68b25c3e74d52b70379a904a51fab8631a6eebfa7451844581b35d99fb6f0056,112078,True
2,M_C,M0,/Users/tinggong/Documents/Codex/2026-07-20/model-lineage-holonomy/work/TwistedMerge-model-lineage-holonomy/reports/tmp/model_lineage_holonomy/pilot/seed_2/M_C_checkpoint.pt,8fb5f3058294d731c6126d94323b79e6720cbf71f80214491230c102d6f39062,7331,/Users/tinggong/Documents/Codex/2026-07-20/model-lineage-holonomy/work/TwistedMerge-model-lineage-holonomy/reports/tmp/model_lineage_holonomy/pilot/seed_2/M_C_representations.npz,45bedd64896d9d1798731112ebc1011b75e531a3b16ee7dcb9a0b9c47620c886,3289477,/Users/tinggong/Documents/Codex/2026-07-20/model-lineage-holonomy/work/TwistedMerge-model-lineage-holonomy/reports/tmp/model_lineage_holonomy/pilot/seed_2/M_C_test_logits.npz,027c315b52798cc40acaf48e88be599066d209a578a83032a63e480245a90dcc,112081,True
2,M_AB,M_A,/Users/tinggong/Documents/Codex/2026-07-20/model-lineage-holonomy/work/TwistedMerge-model-lineage-holonomy/reports/tmp/model_lineage_holonomy/pilot/seed_2/M_AB_checkpoint.pt,0872b66478753f60eabebc6afbfbf5e9b31f774f2145cd6e4fdb03cb31fe277d,7341,/Users/tinggong/Documents/Codex/2026-07-20/model-lineage-holonomy/work/TwistedMerge-model-lineage-holonomy/reports/tmp/model_lineage_holonomy/pilot/seed_2/M_AB_representations.npz,c2487360a84948f7130ed14728a1a5fd8b163102c243b9e67960ed3c689a2649,3290107,/Users/tinggong/Documents/Codex/2026-07-20/model-lineage-holonomy/work/TwistedMerge-model-lineage-holonomy/reports/tmp/model_lineage_holonomy/pilot/seed_2/M_AB_test_logits.npz,be23c11aab2e253ebad0cbbab1560ede542e26a6a792580888e527c3f6930aaa,112006,True
2,M_AC,M_A,/Users/tinggong/Documents/Codex/2026-07-20/model-lineage-holonomy/work/TwistedMerge-model-lineage-holonomy/reports/tmp/model_lineage_holonomy/pilot/seed_2/M_AC_checkpoint.pt,2049c5ec2b52685dd9b2f050c1516731a097454d8acc763b49bfa24334170345,7341,/Users/tinggong/Documents/Codex/2026-07-20/model-lineage-holonomy/work/TwistedMerge-model-lineage-holonomy/reports/tmp/model_lineage_holonomy/pilot/seed_2/M_AC_representations.npz,0b213d7bf18a37896e9d601f68f9c9e5cf22b55f747464e646c254b719afc69c,3289284,/Users/tinggong/Documents/Codex/2026-07-20/model-lineage-holonomy/work/TwistedMerge-model-lineage-holonomy/reports/tmp/model_lineage_holonomy/pilot/seed_2/M_AC_test_logits.npz,807f9e64c71bc3ed4d843b212299fdc8f0cde97f9f119411ea7667a7ff07d36b,112021,True
2,M_BA,M_B,/Users/tinggong/Documents/Codex/2026-07-20/model-lineage-holonomy/work/TwistedMerge-model-lineage-holonomy/reports/tmp/model_lineage_holonomy/pilot/seed_2/M_BA_checkpoint.pt,1d3ef8bea42b0cfaaaebca7cd6752b04e86bd98823d2caf1242b46ade2dfd563,7341,/Users/tinggong/Documents/Codex/2026-07-20/model-lineage-holonomy/work/TwistedMerge-model-lineage-holonomy/reports/tmp/model_lineage_holonomy/pilot/seed_2/M_BA_representations.npz,fe6014f5926429e2e6f8b4020c80a14e598e161da601c1d7221aabf94ececbeb,3290985,/Users/tinggong/Documents/Codex/2026-07-20/model-lineage-holonomy/work/TwistedMerge-model-lineage-holonomy/reports/tmp/model_lineage_holonomy/pilot/seed_2/M_BA_test_logits.npz,04907954a7cc878b34f52b433b45cf9bf3a5889116c662e451da5596f3289d51,112040,True
2,M_BC,M_B,/Users/tinggong/Documents/Codex/2026-07-20/model-lineage-holonomy/work/TwistedMerge-model-lineage-holonomy/reports/tmp/model_lineage_holonomy/pilot/seed_2/M_BC_checkpoint.pt,477211493e6a9e3f77300e08a19cc57b9bc1a6a7743cdc7c01175c4f604c4f20,7341,/Users/tinggong/Documents/Codex/2026-07-20/model-lineage-holonomy/work/TwistedMerge-model-lineage-holonomy/reports/tmp/model_lineage_holonomy/pilot/seed_2/M_BC_representations.npz,d063c5b6729035f29b8a9f20e681e65cc63bea1e9fdf2d316768b2ea78cc0c05,3289572,/Users/tinggong/Documents/Codex/2026-07-20/model-lineage-holonomy/work/TwistedMerge-model-lineage-holonomy/reports/tmp/model_lineage_holonomy/pilot/seed_2/M_BC_test_logits.npz,becc6d90a432c761f02fc131d4031e5aa2c338cb544f270fcece6949601a0147,112069,True
2,M_CA,M_C,/Users/tinggong/Documents/Codex/2026-07-20/model-lineage-holonomy/work/TwistedMerge-model-lineage-holonomy/reports/tmp/model_lineage_holonomy/pilot/seed_2/M_CA_checkpoint.pt,39a382cf3ae5560da7a0d5ff07895fb7f6f08eb7c9d0d5ab7d0bec38de8a9ce3,7341,/Users/tinggong/Documents/Codex/2026-07-20/model-lineage-holonomy/work/TwistedMerge-model-lineage-holonomy/reports/tmp/model_lineage_holonomy/pilot/seed_2/M_CA_representations.npz,a034be3f5c3b4697ef9c5e0a305ab8dc76e077fdfc65a2b6d30f36811a5a2a9a,3290807,/Users/tinggong/Documents/Codex/2026-07-20/model-lineage-holonomy/work/TwistedMerge-model-lineage-holonomy/reports/tmp/model_lineage_holonomy/pilot/seed_2/M_CA_test_logits.npz,0275cfda37726a200edba6dbad141e10092ac1dc9c798c8d81749ddf39e15812,112085,True
2,M_CB,M_C,/Users/tinggong/Documents/Codex/2026-07-20/model-lineage-holonomy/work/TwistedMerge-model-lineage-holonomy/reports/tmp/model_lineage_holonomy/pilot/seed_2/M_CB_checkpoint.pt,f25adb2f6b69d3e720d3b867643a87debb6303a3148564c01c5110ead39f2a7d,7341,/Users/tinggong/Documents/Codex/2026-07-20/model-lineage-holonomy/work/TwistedMerge-model-lineage-holonomy/reports/tmp/model_lineage_holonomy/pilot/seed_2/M_CB_representations.npz,5cef6ad7f386db60884e516b1bb09d3903c2caf6dbd8654fbead43808e421314,3289614,/Users/tinggong/Documents/Codex/2026-07-20/model-lineage-holonomy/work/TwistedMerge-model-lineage-holonomy/reports/tmp/model_lineage_holonomy/pilot/seed_2/M_CB_test_logits.npz,71b2cd6db633613bd5f52fa5745f41fdcc42e6baab4f707982b4eb9867dc8275,112008,True
2,M_ABC,M_AB,/Users/tinggong/Documents/Codex/2026-07-20/model-lineage-holonomy/work/TwistedMerge-model-lineage-holonomy/reports/tmp/model_lineage_holonomy/pilot/seed_2/M_ABC_checkpoint.pt,4a39c1185a29f8e256be525ca7c0ce15fa9278718b2d2a59dd2a48c23ec5dc28,7351,/Users/tinggong/Documents/Codex/2026-07-20/model-lineage-holonomy/work/TwistedMerge-model-lineage-holonomy/reports/tmp/model_lineage_holonomy/pilot/seed_2/M_ABC_representations.npz,6b04a7876bcd873027eef4fe425d609dbdaf27725943b7486d1050b9728c6823,3289580,/Users/tinggong/Documents/Codex/2026-07-20/model-lineage-holonomy/work/TwistedMerge-model-lineage-holonomy/reports/tmp/model_lineage_holonomy/pilot/seed_2/M_ABC_test_logits.npz,4988db90fbfa58df8a4e2a276c7194ccc52a1e45200d74343200b59c323420bf,112068,True
2,M_ACB,M_AC,/Users/tinggong/Documents/Codex/2026-07-20/model-lineage-holonomy/work/TwistedMerge-model-lineage-holonomy/reports/tmp/model_lineage_holonomy/pilot/seed_2/M_ACB_checkpoint.pt,34d2492d7bbf7fffa8583493feb72e042977479982504a083ac12f1080bcb04f,7351,/Users/tinggong/Documents/Codex/2026-07-20/model-lineage-holonomy/work/TwistedMerge-model-lineage-holonomy/reports/tmp/model_lineage_holonomy/pilot/seed_2/M_ACB_representations.npz,90ef10e2a948567ff6ebc94cf7aff56f7132bf792cd80902c7d74742c576482e,3289841,/Users/tinggong/Documents/Codex/2026-07-20/model-lineage-holonomy/work/TwistedMerge-model-lineage-holonomy/reports/tmp/model_lineage_holonomy/pilot/seed_2/M_ACB_test_logits.npz,cfbc0446beaa554354e00f9d13969c6ed37a9d5dbca971bc603fc170366cf47d,111974,True
2,M_BAC,M_BA,/Users/tinggong/Documents/Codex/2026-07-20/model-lineage-holonomy/work/TwistedMerge-model-lineage-holonomy/reports/tmp/model_lineage_holonomy/pilot/seed_2/M_BAC_checkpoint.pt,c8855467e140bdb725ad9cbc25deb5abb4ee5c4926940377667b60d0d973150b,7351,/Users/tinggong/Documents/Codex/2026-07-20/model-lineage-holonomy/work/TwistedMerge-model-lineage-holonomy/reports/tmp/model_lineage_holonomy/pilot/seed_2/M_BAC_representations.npz,c6230853861d6a8709f3bce7d575e4d979c10b06f94a11253e1fb6f2567618c1,3289498,/Users/tinggong/Documents/Codex/2026-07-20/model-lineage-holonomy/work/TwistedMerge-model-lineage-holonomy/reports/tmp/model_lineage_holonomy/pilot/seed_2/M_BAC_test_logits.npz,728239b8703df324c6060bbf35330e1e98e81995d2c60bdf06482d9cbbe66e20,112025,True
2,M_BCA,M_BC,/Users/tinggong/Documents/Codex/2026-07-20/model-lineage-holonomy/work/TwistedMerge-model-lineage-holonomy/reports/tmp/model_lineage_holonomy/pilot/seed_2/M_BCA_checkpoint.pt,cca88f3f0905a335ef3d9b424f29bd2832852bb44a19c608076027532c1d6bf8,7351,/Users/tinggong/Documents/Codex/2026-07-20/model-lineage-holonomy/work/TwistedMerge-model-lineage-holonomy/reports/tmp/model_lineage_holonomy/pilot/seed_2/M_BCA_representations.npz,b8482101abd6c8dcb9c03cf343aca6ba7b2cb601dc1a7caee62da94f1f8fa094,3290955,/Users/tinggong/Documents/Codex/2026-07-20/model-lineage-holonomy/work/TwistedMerge-model-lineage-holonomy/reports/tmp/model_lineage_holonomy/pilot/seed_2/M_BCA_test_logits.npz,dd8e284a096c84a1f947830f0568e6bf4203b4a6182759df1c4b198f0dd7bd7f,112127,True
2,M_CAB,M_CA,/Users/tinggong/Documents/Codex/2026-07-20/model-lineage-holonomy/work/TwistedMerge-model-lineage-holonomy/reports/tmp/model_lineage_holonomy/pilot/seed_2/M_CAB_checkpoint.pt,f5f6923a1b3291083339715206c188eccc9c39f4cea040f1a38cced69b11f576,7351,/Users/tinggong/Documents/Codex/2026-07-20/model-lineage-holonomy/work/TwistedMerge-model-lineage-holonomy/reports/tmp/model_lineage_holonomy/pilot/seed_2/M_CAB_representations.npz,8c3f429352a892bfbc1c8b89b63090fd4e0610359e05358134af8869fe31a2f4,3290040,/Users/tinggong/Documents/Codex/2026-07-20/model-lineage-holonomy/work/TwistedMerge-model-lineage-holonomy/reports/tmp/model_lineage_holonomy/pilot/seed_2/M_CAB_test_logits.npz,34a882092fcdaefeb971f50c588210120a4aff42b38c21ecea333ceef773d454,111974,True
2,M_CBA,M_CB,/Users/tinggong/Documents/Codex/2026-07-20/model-lineage-holonomy/work/TwistedMerge-model-lineage-holonomy/reports/tmp/model_lineage_holonomy/pilot/seed_2/M_CBA_checkpoint.pt,272e1cff55b76d7423a20c9bc214a8618ae23a262fde00cbc13ace0e63152af9,7351,/Users/tinggong/Documents/Codex/2026-07-20/model-lineage-holonomy/work/TwistedMerge-model-lineage-holonomy/reports/tmp/model_lineage_holonomy/pilot/seed_2/M_CBA_representations.npz,3f5f8846991e037ed95be980caba5dfc33d8f43c81ff82740829d18101028d91,3290966,/Users/tinggong/Documents/Codex/2026-07-20/model-lineage-holonomy/work/TwistedMerge-model-lineage-holonomy/reports/tmp/model_lineage_holonomy/pilot/seed_2/M_CBA_test_logits.npz,2b021ad3cc68a0b7f3b7e9ba01763ab58bae4e9855bf3714bae732bc83f9344b,112063,True
