setting_id,collection,architecture,method,implementation,accuracy,loss,ece,training_examples_per_specialist,transition_samples,router_samples,selector_samples,calibration_samples,test_samples,trainable_parameters,stored_parameters,training_time_seconds,context_mode,certificate_activated,output_type,logits_sha256,label_permutation_hash_passed,execution_commit,source_sha256,command,seed
CIFAR10_collection_0,0,torchvision_resnet18_imagenet_pretrained,weight_average,ResNet,0.6425,1.0399376517757695,0.06939639846878905,10000,512,512,512,512,2000,11181642,11181642,93.3837180014234,none,False,single_model,effe193999b7532af11af4dcbf745d640a963926dc252fefd9e16fadb5ea6f7d,True,1237f70e2276c249ee5cbc1eedb977fc1043db26,4a63081894c0c7ff36950ae15cb56111d9236da93acf33eb6039ff6a05c6b3e1,python experiments/full_model_hidden_geometry.py,0
CIFAR10_collection_0,0,torchvision_resnet18_imagenet_pretrained,greedy_soup,ResNet,0.631,1.0370623671807997,0.025114989842507783,10000,512,512,512,512,2000,0,11181642,93.3837180014234,none,False,single_model,effe193999b7532af11af4dcbf745d640a963926dc252fefd9e16fadb5ea6f7d,True,1237f70e2276c249ee5cbc1eedb977fc1043db26,4a63081894c0c7ff36950ae15cb56111d9236da93acf33eb6039ff6a05c6b3e1,python experiments/full_model_hidden_geometry.py,0
CIFAR10_collection_0,0,torchvision_resnet18_imagenet_pretrained,git_rebasin_internal_activation_alignment,AlignedFeatures,0.628,1.0741559141638084,0.0719207123286201,10000,512,512,512,512,2000,0,44726568,93.3837180014234,none,False,single_model,effe193999b7532af11af4dcbf745d640a963926dc252fefd9e16fadb5ea6f7d,True,1237f70e2276c249ee5cbc1eedb977fc1043db26,4a63081894c0c7ff36950ae15cb56111d9236da93acf33eb6039ff6a05c6b3e1,python experiments/full_model_hidden_geometry.py,0
CIFAR10_collection_0,0,torchvision_resnet18_imagenet_pretrained,c2m3_internal_activation_alignment,AlignedFeatures,0.628,1.0741559141638084,0.0719207123286201,10000,512,512,512,512,2000,0,44726568,93.3837180014234,none,False,single_model,effe193999b7532af11af4dcbf745d640a963926dc252fefd9e16fadb5ea6f7d,True,1237f70e2276c249ee5cbc1eedb977fc1043db26,4a63081894c0c7ff36950ae15cb56111d9236da93acf33eb6039ff6a05c6b3e1,python experiments/full_model_hidden_geometry.py,0
CIFAR10_collection_0,0,torchvision_resnet18_imagenet_pretrained,regmean_internal_matched_average,ResNet,0.6425,1.0399376517757695,0.06939639846878905,10000,512,512,512,512,2000,11181642,11181642,93.3837180014234,none,False,single_model,effe193999b7532af11af4dcbf745d640a963926dc252fefd9e16fadb5ea6f7d,True,1237f70e2276c249ee5cbc1eedb977fc1043db26,4a63081894c0c7ff36950ae15cb56111d9236da93acf33eb6039ff6a05c6b3e1,python experiments/full_model_hidden_geometry.py,0
CIFAR10_collection_0,0,torchvision_resnet18_imagenet_pretrained,representation_alignment_merge,AlignedFeatures,0.628,1.0741559141638084,0.0719207123286201,10000,512,512,512,512,2000,0,44726568,93.3837180014234,none,False,single_model,effe193999b7532af11af4dcbf745d640a963926dc252fefd9e16fadb5ea6f7d,True,1237f70e2276c249ee5cbc1eedb977fc1043db26,4a63081894c0c7ff36950ae15cb56111d9236da93acf33eb6039ff6a05c6b3e1,python experiments/full_model_hidden_geometry.py,0
CIFAR10_collection_0,0,torchvision_resnet18_imagenet_pretrained,task_arithmetic,ResNet,0.6425,1.0399376517757695,0.06939639846878905,10000,512,512,512,512,2000,11181642,11181642,93.3837180014234,none,False,single_model,effe193999b7532af11af4dcbf745d640a963926dc252fefd9e16fadb5ea6f7d,True,1237f70e2276c249ee5cbc1eedb977fc1043db26,4a63081894c0c7ff36950ae15cb56111d9236da93acf33eb6039ff6a05c6b3e1,python experiments/full_model_hidden_geometry.py,0
CIFAR10_collection_0,0,torchvision_resnet18_imagenet_pretrained,ties,ResNet,0.594,1.148751815097486,0.05365529500462938,10000,512,512,512,512,2000,11181642,11181642,93.3837180014234,none,False,single_model,effe193999b7532af11af4dcbf745d640a963926dc252fefd9e16fadb5ea6f7d,True,1237f70e2276c249ee5cbc1eedb977fc1043db26,4a63081894c0c7ff36950ae15cb56111d9236da93acf33eb6039ff6a05c6b3e1,python experiments/full_model_hidden_geometry.py,0
CIFAR10_collection_0,0,torchvision_resnet18_imagenet_pretrained,dare,ResNet,0.621,1.0782645764452738,0.047198429648973875,10000,512,512,512,512,2000,11181642,11181642,93.3837180014234,none,False,single_model,effe193999b7532af11af4dcbf745d640a963926dc252fefd9e16fadb5ea6f7d,True,1237f70e2276c249ee5cbc1eedb977fc1043db26,4a63081894c0c7ff36950ae15cb56111d9236da93acf33eb6039ff6a05c6b3e1,python experiments/full_model_hidden_geometry.py,0
CIFAR10_collection_0,0,torchvision_resnet18_imagenet_pretrained,generic_low_rank_merge,AlignedFeatures,0.628,1.0741559141638084,0.0719207123286201,10000,512,512,512,512,2000,0,44726568,93.3837180014234,none,False,single_model,effe193999b7532af11af4dcbf745d640a963926dc252fefd9e16fadb5ea6f7d,True,1237f70e2276c249ee5cbc1eedb977fc1043db26,4a63081894c0c7ff36950ae15cb56111d9236da93acf33eb6039ff6a05c6b3e1,python experiments/full_model_hidden_geometry.py,0
CIFAR10_collection_0,0,torchvision_resnet18_imagenet_pretrained,generic_router,Router,0.6485,1.0167555497610368,0.04679752813525892,10000,512,512,512,512,2000,164,44726732,98.00582950143144,none,False,router,effe193999b7532af11af4dcbf745d640a963926dc252fefd9e16fadb5ea6f7d,True,1237f70e2276c249ee5cbc1eedb977fc1043db26,4a63081894c0c7ff36950ae15cb56111d9236da93acf33eb6039ff6a05c6b3e1,python experiments/full_model_hidden_geometry.py,0
CIFAR10_collection_0,0,torchvision_resnet18_imagenet_pretrained,strict_synchronization,AlignedFeatures,0.628,1.0741559141638084,0.0719207123286201,10000,512,512,512,512,2000,0,44726568,93.3837180014234,none,False,single_model,effe193999b7532af11af4dcbf745d640a963926dc252fefd9e16fadb5ea6f7d,True,1237f70e2276c249ee5cbc1eedb977fc1043db26,4a63081894c0c7ff36950ae15cb56111d9236da93acf33eb6039ff6a05c6b3e1,python experiments/full_model_hidden_geometry.py,0
CIFAR10_collection_0,0,torchvision_resnet18_imagenet_pretrained,hodge_gated_ordinary_fallback,ResNet,0.631,1.0370623671807997,0.025114989842507783,10000,512,512,512,512,2000,0,11181642,93.3837180014234,none,False,single_model,effe193999b7532af11af4dcbf745d640a963926dc252fefd9e16fadb5ea6f7d,True,1237f70e2276c249ee5cbc1eedb977fc1043db26,4a63081894c0c7ff36950ae15cb56111d9236da93acf33eb6039ff6a05c6b3e1,python experiments/full_model_hidden_geometry.py,0
CIFAR10_collection_0,0,torchvision_resnet18_imagenet_pretrained,structured_retransport_certified_only,ResNet,0.631,1.0370623671807997,0.025114989842507783,10000,512,512,512,512,2000,0,11181642,93.3837180014234,none,False,single_model,effe193999b7532af11af4dcbf745d640a963926dc252fefd9e16fadb5ea6f7d,True,1237f70e2276c249ee5cbc1eedb977fc1043db26,4a63081894c0c7ff36950ae15cb56111d9236da93acf33eb6039ff6a05c6b3e1,python experiments/full_model_hidden_geometry.py,0
CIFAR10_collection_0,0,torchvision_resnet18_imagenet_pretrained,ensemble_reference,Ensemble,0.6455,1.058183918932063,0.10866317455697797,10000,512,512,512,512,2000,0,44726568,93.3837180014234,none,False,ensemble,effe193999b7532af11af4dcbf745d640a963926dc252fefd9e16fadb5ea6f7d,True,1237f70e2276c249ee5cbc1eedb977fc1043db26,4a63081894c0c7ff36950ae15cb56111d9236da93acf33eb6039ff6a05c6b3e1,python experiments/full_model_hidden_geometry.py,0
CIFAR10_collection_1,1,torchvision_resnet18_imagenet_pretrained,weight_average,ResNet,0.6125,1.084813072616354,0.05503177365831646,10000,512,512,512,512,2000,11181642,11181642,38.374809792032465,none,False,single_model,96c5917a38b59c37bdf15c44f4cbf18c91cc9bd6bfcee7eda7052b856e82f198,True,1237f70e2276c249ee5cbc1eedb977fc1043db26,4a63081894c0c7ff36950ae15cb56111d9236da93acf33eb6039ff6a05c6b3e1,python experiments/full_model_hidden_geometry.py,1
CIFAR10_collection_1,1,torchvision_resnet18_imagenet_pretrained,greedy_soup,ResNet,0.616,1.073833872057452,0.0241475246661282,10000,512,512,512,512,2000,11181642,11181642,38.374809792032465,none,False,single_model,96c5917a38b59c37bdf15c44f4cbf18c91cc9bd6bfcee7eda7052b856e82f198,True,1237f70e2276c249ee5cbc1eedb977fc1043db26,4a63081894c0c7ff36950ae15cb56111d9236da93acf33eb6039ff6a05c6b3e1,python experiments/full_model_hidden_geometry.py,1
CIFAR10_collection_1,1,torchvision_resnet18_imagenet_pretrained,git_rebasin_internal_activation_alignment,AlignedFeatures,0.605,1.1099578324504504,0.047653490759106826,10000,512,512,512,512,2000,0,44726568,38.374809792032465,none,False,single_model,96c5917a38b59c37bdf15c44f4cbf18c91cc9bd6bfcee7eda7052b856e82f198,True,1237f70e2276c249ee5cbc1eedb977fc1043db26,4a63081894c0c7ff36950ae15cb56111d9236da93acf33eb6039ff6a05c6b3e1,python experiments/full_model_hidden_geometry.py,1
CIFAR10_collection_1,1,torchvision_resnet18_imagenet_pretrained,c2m3_internal_activation_alignment,AlignedFeatures,0.605,1.1099578324504504,0.047653490759106826,10000,512,512,512,512,2000,0,44726568,38.374809792032465,none,False,single_model,96c5917a38b59c37bdf15c44f4cbf18c91cc9bd6bfcee7eda7052b856e82f198,True,1237f70e2276c249ee5cbc1eedb977fc1043db26,4a63081894c0c7ff36950ae15cb56111d9236da93acf33eb6039ff6a05c6b3e1,python experiments/full_model_hidden_geometry.py,1
CIFAR10_collection_1,1,torchvision_resnet18_imagenet_pretrained,regmean_internal_matched_average,ResNet,0.6125,1.084813072616354,0.05503177365831646,10000,512,512,512,512,2000,11181642,11181642,38.374809792032465,none,False,single_model,96c5917a38b59c37bdf15c44f4cbf18c91cc9bd6bfcee7eda7052b856e82f198,True,1237f70e2276c249ee5cbc1eedb977fc1043db26,4a63081894c0c7ff36950ae15cb56111d9236da93acf33eb6039ff6a05c6b3e1,python experiments/full_model_hidden_geometry.py,1
CIFAR10_collection_1,1,torchvision_resnet18_imagenet_pretrained,representation_alignment_merge,AlignedFeatures,0.605,1.1099578324504504,0.047653490759106826,10000,512,512,512,512,2000,0,44726568,38.374809792032465,none,False,single_model,96c5917a38b59c37bdf15c44f4cbf18c91cc9bd6bfcee7eda7052b856e82f198,True,1237f70e2276c249ee5cbc1eedb977fc1043db26,4a63081894c0c7ff36950ae15cb56111d9236da93acf33eb6039ff6a05c6b3e1,python experiments/full_model_hidden_geometry.py,1
CIFAR10_collection_1,1,torchvision_resnet18_imagenet_pretrained,task_arithmetic,ResNet,0.6125,1.084813072616354,0.05503177365831646,10000,512,512,512,512,2000,11181642,11181642,38.374809792032465,none,False,single_model,96c5917a38b59c37bdf15c44f4cbf18c91cc9bd6bfcee7eda7052b856e82f198,True,1237f70e2276c249ee5cbc1eedb977fc1043db26,4a63081894c0c7ff36950ae15cb56111d9236da93acf33eb6039ff6a05c6b3e1,python experiments/full_model_hidden_geometry.py,1
CIFAR10_collection_1,1,torchvision_resnet18_imagenet_pretrained,ties,ResNet,0.568,1.195788391970116,0.03015445084359606,10000,512,512,512,512,2000,11181642,11181642,38.374809792032465,none,False,single_model,96c5917a38b59c37bdf15c44f4cbf18c91cc9bd6bfcee7eda7052b856e82f198,True,1237f70e2276c249ee5cbc1eedb977fc1043db26,4a63081894c0c7ff36950ae15cb56111d9236da93acf33eb6039ff6a05c6b3e1,python experiments/full_model_hidden_geometry.py,1
CIFAR10_collection_1,1,torchvision_resnet18_imagenet_pretrained,dare,ResNet,0.601,1.1137083766227884,0.04349077340581019,10000,512,512,512,512,2000,11181642,11181642,38.374809792032465,none,False,single_model,96c5917a38b59c37bdf15c44f4cbf18c91cc9bd6bfcee7eda7052b856e82f198,True,1237f70e2276c249ee5cbc1eedb977fc1043db26,4a63081894c0c7ff36950ae15cb56111d9236da93acf33eb6039ff6a05c6b3e1,python experiments/full_model_hidden_geometry.py,1
CIFAR10_collection_1,1,torchvision_resnet18_imagenet_pretrained,generic_low_rank_merge,AlignedFeatures,0.605,1.1099578324504504,0.047653490759106826,10000,512,512,512,512,2000,0,44726568,38.374809792032465,none,False,single_model,96c5917a38b59c37bdf15c44f4cbf18c91cc9bd6bfcee7eda7052b856e82f198,True,1237f70e2276c249ee5cbc1eedb977fc1043db26,4a63081894c0c7ff36950ae15cb56111d9236da93acf33eb6039ff6a05c6b3e1,python experiments/full_model_hidden_geometry.py,1
CIFAR10_collection_1,1,torchvision_resnet18_imagenet_pretrained,generic_router,Router,0.629,1.0484155768409804,0.034519546209310366,10000,512,512,512,512,2000,164,44726732,41.902034875005484,none,False,router,96c5917a38b59c37bdf15c44f4cbf18c91cc9bd6bfcee7eda7052b856e82f198,True,1237f70e2276c249ee5cbc1eedb977fc1043db26,4a63081894c0c7ff36950ae15cb56111d9236da93acf33eb6039ff6a05c6b3e1,python experiments/full_model_hidden_geometry.py,1
CIFAR10_collection_1,1,torchvision_resnet18_imagenet_pretrained,strict_synchronization,AlignedFeatures,0.605,1.1099578324504504,0.047653490759106826,10000,512,512,512,512,2000,0,44726568,38.374809792032465,none,False,single_model,96c5917a38b59c37bdf15c44f4cbf18c91cc9bd6bfcee7eda7052b856e82f198,True,1237f70e2276c249ee5cbc1eedb977fc1043db26,4a63081894c0c7ff36950ae15cb56111d9236da93acf33eb6039ff6a05c6b3e1,python experiments/full_model_hidden_geometry.py,1
CIFAR10_collection_1,1,torchvision_resnet18_imagenet_pretrained,hodge_gated_ordinary_fallback,ResNet,0.616,1.073833872057452,0.0241475246661282,10000,512,512,512,512,2000,11181642,11181642,38.374809792032465,none,False,single_model,96c5917a38b59c37bdf15c44f4cbf18c91cc9bd6bfcee7eda7052b856e82f198,True,1237f70e2276c249ee5cbc1eedb977fc1043db26,4a63081894c0c7ff36950ae15cb56111d9236da93acf33eb6039ff6a05c6b3e1,python experiments/full_model_hidden_geometry.py,1
CIFAR10_collection_1,1,torchvision_resnet18_imagenet_pretrained,structured_retransport_certified_only,ResNet,0.616,1.073833872057452,0.0241475246661282,10000,512,512,512,512,2000,11181642,11181642,38.374809792032465,none,False,single_model,96c5917a38b59c37bdf15c44f4cbf18c91cc9bd6bfcee7eda7052b856e82f198,True,1237f70e2276c249ee5cbc1eedb977fc1043db26,4a63081894c0c7ff36950ae15cb56111d9236da93acf33eb6039ff6a05c6b3e1,python experiments/full_model_hidden_geometry.py,1
CIFAR10_collection_1,1,torchvision_resnet18_imagenet_pretrained,ensemble_reference,Ensemble,0.596,1.1329891263557088,0.05124521501904548,10000,512,512,512,512,2000,0,44726568,38.374809792032465,none,False,ensemble,96c5917a38b59c37bdf15c44f4cbf18c91cc9bd6bfcee7eda7052b856e82f198,True,1237f70e2276c249ee5cbc1eedb977fc1043db26,4a63081894c0c7ff36950ae15cb56111d9236da93acf33eb6039ff6a05c6b3e1,python experiments/full_model_hidden_geometry.py,1
CIFAR10_collection_2,2,torchvision_resnet18_imagenet_pretrained,weight_average,ResNet,0.6225,1.1026960626204396,0.07574013495004368,10000,512,512,512,512,2000,11181642,11181642,33.47814320772886,none,False,single_model,f0f6cc5ea1173c259f064fbc0e598c0ad7d6a1c25ba138d549e184a453d390a4,True,1237f70e2276c249ee5cbc1eedb977fc1043db26,4a63081894c0c7ff36950ae15cb56111d9236da93acf33eb6039ff6a05c6b3e1,python experiments/full_model_hidden_geometry.py,2
CIFAR10_collection_2,2,torchvision_resnet18_imagenet_pretrained,greedy_soup,ResNet,0.627,1.0711381607162338,0.03859646477551754,10000,512,512,512,512,2000,11181642,11181642,33.47814320772886,none,False,single_model,f0f6cc5ea1173c259f064fbc0e598c0ad7d6a1c25ba138d549e184a453d390a4,True,1237f70e2276c249ee5cbc1eedb977fc1043db26,4a63081894c0c7ff36950ae15cb56111d9236da93acf33eb6039ff6a05c6b3e1,python experiments/full_model_hidden_geometry.py,2
CIFAR10_collection_2,2,torchvision_resnet18_imagenet_pretrained,git_rebasin_internal_activation_alignment,AlignedFeatures,0.6225,1.0772790254966866,0.07247903923792941,10000,512,512,512,512,2000,0,44726568,33.47814320772886,none,False,single_model,f0f6cc5ea1173c259f064fbc0e598c0ad7d6a1c25ba138d549e184a453d390a4,True,1237f70e2276c249ee5cbc1eedb977fc1043db26,4a63081894c0c7ff36950ae15cb56111d9236da93acf33eb6039ff6a05c6b3e1,python experiments/full_model_hidden_geometry.py,2
CIFAR10_collection_2,2,torchvision_resnet18_imagenet_pretrained,c2m3_internal_activation_alignment,AlignedFeatures,0.6225,1.0772790254966866,0.07247903923792941,10000,512,512,512,512,2000,0,44726568,33.47814320772886,none,False,single_model,f0f6cc5ea1173c259f064fbc0e598c0ad7d6a1c25ba138d549e184a453d390a4,True,1237f70e2276c249ee5cbc1eedb977fc1043db26,4a63081894c0c7ff36950ae15cb56111d9236da93acf33eb6039ff6a05c6b3e1,python experiments/full_model_hidden_geometry.py,2
CIFAR10_collection_2,2,torchvision_resnet18_imagenet_pretrained,regmean_internal_matched_average,ResNet,0.6225,1.1026960626204396,0.07574013495004368,10000,512,512,512,512,2000,11181642,11181642,33.47814320772886,none,False,single_model,f0f6cc5ea1173c259f064fbc0e598c0ad7d6a1c25ba138d549e184a453d390a4,True,1237f70e2276c249ee5cbc1eedb977fc1043db26,4a63081894c0c7ff36950ae15cb56111d9236da93acf33eb6039ff6a05c6b3e1,python experiments/full_model_hidden_geometry.py,2
CIFAR10_collection_2,2,torchvision_resnet18_imagenet_pretrained,representation_alignment_merge,AlignedFeatures,0.6225,1.0772790254966866,0.07247903923792941,10000,512,512,512,512,2000,0,44726568,33.47814320772886,none,False,single_model,f0f6cc5ea1173c259f064fbc0e598c0ad7d6a1c25ba138d549e184a453d390a4,True,1237f70e2276c249ee5cbc1eedb977fc1043db26,4a63081894c0c7ff36950ae15cb56111d9236da93acf33eb6039ff6a05c6b3e1,python experiments/full_model_hidden_geometry.py,2
CIFAR10_collection_2,2,torchvision_resnet18_imagenet_pretrained,task_arithmetic,ResNet,0.6225,1.1026960626204396,0.07574013495004368,10000,512,512,512,512,2000,11181642,11181642,33.47814320772886,none,False,single_model,f0f6cc5ea1173c259f064fbc0e598c0ad7d6a1c25ba138d549e184a453d390a4,True,1237f70e2276c249ee5cbc1eedb977fc1043db26,4a63081894c0c7ff36950ae15cb56111d9236da93acf33eb6039ff6a05c6b3e1,python experiments/full_model_hidden_geometry.py,2
CIFAR10_collection_2,2,torchvision_resnet18_imagenet_pretrained,ties,ResNet,0.589,1.2056931331447038,0.08143800916970192,10000,512,512,512,512,2000,11181642,11181642,33.47814320772886,none,False,single_model,f0f6cc5ea1173c259f064fbc0e598c0ad7d6a1c25ba138d549e184a453d390a4,True,1237f70e2276c249ee5cbc1eedb977fc1043db26,4a63081894c0c7ff36950ae15cb56111d9236da93acf33eb6039ff6a05c6b3e1,python experiments/full_model_hidden_geometry.py,2
CIFAR10_collection_2,2,torchvision_resnet18_imagenet_pretrained,dare,ResNet,0.6025,1.144123858125965,0.058729711835787554,10000,512,512,512,512,2000,11181642,11181642,33.47814320772886,none,False,single_model,f0f6cc5ea1173c259f064fbc0e598c0ad7d6a1c25ba138d549e184a453d390a4,True,1237f70e2276c249ee5cbc1eedb977fc1043db26,4a63081894c0c7ff36950ae15cb56111d9236da93acf33eb6039ff6a05c6b3e1,python experiments/full_model_hidden_geometry.py,2
CIFAR10_collection_2,2,torchvision_resnet18_imagenet_pretrained,generic_low_rank_merge,AlignedFeatures,0.6225,1.0772790254966866,0.07247903923792941,10000,512,512,512,512,2000,0,44726568,33.47814320772886,none,False,single_model,f0f6cc5ea1173c259f064fbc0e598c0ad7d6a1c25ba138d549e184a453d390a4,True,1237f70e2276c249ee5cbc1eedb977fc1043db26,4a63081894c0c7ff36950ae15cb56111d9236da93acf33eb6039ff6a05c6b3e1,python experiments/full_model_hidden_geometry.py,2
CIFAR10_collection_2,2,torchvision_resnet18_imagenet_pretrained,generic_router,Router,0.635,1.0571683847078879,0.044016531076818737,10000,512,512,512,512,2000,164,44726732,38.86523462366313,none,False,router,f0f6cc5ea1173c259f064fbc0e598c0ad7d6a1c25ba138d549e184a453d390a4,True,1237f70e2276c249ee5cbc1eedb977fc1043db26,4a63081894c0c7ff36950ae15cb56111d9236da93acf33eb6039ff6a05c6b3e1,python experiments/full_model_hidden_geometry.py,2
CIFAR10_collection_2,2,torchvision_resnet18_imagenet_pretrained,strict_synchronization,AlignedFeatures,0.6225,1.0772790254966866,0.07247903923792941,10000,512,512,512,512,2000,0,44726568,33.47814320772886,none,False,single_model,f0f6cc5ea1173c259f064fbc0e598c0ad7d6a1c25ba138d549e184a453d390a4,True,1237f70e2276c249ee5cbc1eedb977fc1043db26,4a63081894c0c7ff36950ae15cb56111d9236da93acf33eb6039ff6a05c6b3e1,python experiments/full_model_hidden_geometry.py,2
CIFAR10_collection_2,2,torchvision_resnet18_imagenet_pretrained,hodge_gated_ordinary_fallback,ResNet,0.627,1.0711381607162338,0.03859646477551754,10000,512,512,512,512,2000,11181642,11181642,33.47814320772886,none,False,single_model,f0f6cc5ea1173c259f064fbc0e598c0ad7d6a1c25ba138d549e184a453d390a4,True,1237f70e2276c249ee5cbc1eedb977fc1043db26,4a63081894c0c7ff36950ae15cb56111d9236da93acf33eb6039ff6a05c6b3e1,python experiments/full_model_hidden_geometry.py,2
CIFAR10_collection_2,2,torchvision_resnet18_imagenet_pretrained,structured_retransport_certified_only,ResNet,0.627,1.0711381607162338,0.03859646477551754,10000,512,512,512,512,2000,11181642,11181642,33.47814320772886,none,False,single_model,f0f6cc5ea1173c259f064fbc0e598c0ad7d6a1c25ba138d549e184a453d390a4,True,1237f70e2276c249ee5cbc1eedb977fc1043db26,4a63081894c0c7ff36950ae15cb56111d9236da93acf33eb6039ff6a05c6b3e1,python experiments/full_model_hidden_geometry.py,2
CIFAR10_collection_2,2,torchvision_resnet18_imagenet_pretrained,ensemble_reference,Ensemble,0.621,1.0987148898035497,0.08005378515976933,10000,512,512,512,512,2000,0,44726568,33.47814320772886,none,False,ensemble,f0f6cc5ea1173c259f064fbc0e598c0ad7d6a1c25ba138d549e184a453d390a4,True,1237f70e2276c249ee5cbc1eedb977fc1043db26,4a63081894c0c7ff36950ae15cb56111d9236da93acf33eb6039ff6a05c6b3e1,python experiments/full_model_hidden_geometry.py,2
CIFAR10_collection_3,3,torchvision_resnet18_imagenet_pretrained,weight_average,ResNet,0.618,1.0875606289925859,0.0463325843506323,10000,512,512,512,512,2000,11181642,11181642,43.909182833274826,none,False,single_model,85cecbba05b65ee37edf32d9e3426259b4edb7a6b62fea1ade4f70a977857fdd,True,1237f70e2276c249ee5cbc1eedb977fc1043db26,4a63081894c0c7ff36950ae15cb56111d9236da93acf33eb6039ff6a05c6b3e1,python experiments/full_model_hidden_geometry.py,3
CIFAR10_collection_3,3,torchvision_resnet18_imagenet_pretrained,greedy_soup,ResNet,0.632,1.0702048908206494,0.023255799327938493,10000,512,512,512,512,2000,11181642,11181642,43.909182833274826,none,False,single_model,85cecbba05b65ee37edf32d9e3426259b4edb7a6b62fea1ade4f70a977857fdd,True,1237f70e2276c249ee5cbc1eedb977fc1043db26,4a63081894c0c7ff36950ae15cb56111d9236da93acf33eb6039ff6a05c6b3e1,python experiments/full_model_hidden_geometry.py,3
CIFAR10_collection_3,3,torchvision_resnet18_imagenet_pretrained,git_rebasin_internal_activation_alignment,AlignedFeatures,0.617,1.0922342227102668,0.06940462720349201,10000,512,512,512,512,2000,0,44726568,43.909182833274826,none,False,single_model,85cecbba05b65ee37edf32d9e3426259b4edb7a6b62fea1ade4f70a977857fdd,True,1237f70e2276c249ee5cbc1eedb977fc1043db26,4a63081894c0c7ff36950ae15cb56111d9236da93acf33eb6039ff6a05c6b3e1,python experiments/full_model_hidden_geometry.py,3
CIFAR10_collection_3,3,torchvision_resnet18_imagenet_pretrained,c2m3_internal_activation_alignment,AlignedFeatures,0.617,1.0922342227102668,0.06940462720349201,10000,512,512,512,512,2000,0,44726568,43.909182833274826,none,False,single_model,85cecbba05b65ee37edf32d9e3426259b4edb7a6b62fea1ade4f70a977857fdd,True,1237f70e2276c249ee5cbc1eedb977fc1043db26,4a63081894c0c7ff36950ae15cb56111d9236da93acf33eb6039ff6a05c6b3e1,python experiments/full_model_hidden_geometry.py,3
CIFAR10_collection_3,3,torchvision_resnet18_imagenet_pretrained,regmean_internal_matched_average,ResNet,0.618,1.0875606289925859,0.0463325843506323,10000,512,512,512,512,2000,11181642,11181642,43.909182833274826,none,False,single_model,85cecbba05b65ee37edf32d9e3426259b4edb7a6b62fea1ade4f70a977857fdd,True,1237f70e2276c249ee5cbc1eedb977fc1043db26,4a63081894c0c7ff36950ae15cb56111d9236da93acf33eb6039ff6a05c6b3e1,python experiments/full_model_hidden_geometry.py,3
CIFAR10_collection_3,3,torchvision_resnet18_imagenet_pretrained,representation_alignment_merge,AlignedFeatures,0.617,1.0922342227102668,0.06940462720349201,10000,512,512,512,512,2000,0,44726568,43.909182833274826,none,False,single_model,85cecbba05b65ee37edf32d9e3426259b4edb7a6b62fea1ade4f70a977857fdd,True,1237f70e2276c249ee5cbc1eedb977fc1043db26,4a63081894c0c7ff36950ae15cb56111d9236da93acf33eb6039ff6a05c6b3e1,python experiments/full_model_hidden_geometry.py,3
CIFAR10_collection_3,3,torchvision_resnet18_imagenet_pretrained,task_arithmetic,ResNet,0.618,1.0875606289925859,0.0463325843506323,10000,512,512,512,512,2000,11181642,11181642,43.909182833274826,none,False,single_model,85cecbba05b65ee37edf32d9e3426259b4edb7a6b62fea1ade4f70a977857fdd,True,1237f70e2276c249ee5cbc1eedb977fc1043db26,4a63081894c0c7ff36950ae15cb56111d9236da93acf33eb6039ff6a05c6b3e1,python experiments/full_model_hidden_geometry.py,3
CIFAR10_collection_3,3,torchvision_resnet18_imagenet_pretrained,ties,ResNet,0.594,1.1721869109154361,0.0603595795829304,10000,512,512,512,512,2000,11181642,11181642,43.909182833274826,none,False,single_model,85cecbba05b65ee37edf32d9e3426259b4edb7a6b62fea1ade4f70a977857fdd,True,1237f70e2276c249ee5cbc1eedb977fc1043db26,4a63081894c0c7ff36950ae15cb56111d9236da93acf33eb6039ff6a05c6b3e1,python experiments/full_model_hidden_geometry.py,3
CIFAR10_collection_3,3,torchvision_resnet18_imagenet_pretrained,dare,ResNet,0.572,1.1879755664684581,0.01786794073485056,10000,512,512,512,512,2000,11181642,11181642,43.909182833274826,none,False,single_model,85cecbba05b65ee37edf32d9e3426259b4edb7a6b62fea1ade4f70a977857fdd,True,1237f70e2276c249ee5cbc1eedb977fc1043db26,4a63081894c0c7ff36950ae15cb56111d9236da93acf33eb6039ff6a05c6b3e1,python experiments/full_model_hidden_geometry.py,3
CIFAR10_collection_3,3,torchvision_resnet18_imagenet_pretrained,generic_low_rank_merge,AlignedFeatures,0.617,1.0922342227102668,0.06940462720349201,10000,512,512,512,512,2000,0,44726568,43.909182833274826,none,False,single_model,85cecbba05b65ee37edf32d9e3426259b4edb7a6b62fea1ade4f70a977857fdd,True,1237f70e2276c249ee5cbc1eedb977fc1043db26,4a63081894c0c7ff36950ae15cb56111d9236da93acf33eb6039ff6a05c6b3e1,python experiments/full_model_hidden_geometry.py,3
CIFAR10_collection_3,3,torchvision_resnet18_imagenet_pretrained,generic_router,Router,0.636,1.0666516213152506,0.05974553865900958,10000,512,512,512,512,2000,164,44726732,49.372300958260894,none,False,router,85cecbba05b65ee37edf32d9e3426259b4edb7a6b62fea1ade4f70a977857fdd,True,1237f70e2276c249ee5cbc1eedb977fc1043db26,4a63081894c0c7ff36950ae15cb56111d9236da93acf33eb6039ff6a05c6b3e1,python experiments/full_model_hidden_geometry.py,3
CIFAR10_collection_3,3,torchvision_resnet18_imagenet_pretrained,strict_synchronization,AlignedFeatures,0.617,1.0922342227102668,0.06940462720349201,10000,512,512,512,512,2000,0,44726568,43.909182833274826,none,False,single_model,85cecbba05b65ee37edf32d9e3426259b4edb7a6b62fea1ade4f70a977857fdd,True,1237f70e2276c249ee5cbc1eedb977fc1043db26,4a63081894c0c7ff36950ae15cb56111d9236da93acf33eb6039ff6a05c6b3e1,python experiments/full_model_hidden_geometry.py,3
CIFAR10_collection_3,3,torchvision_resnet18_imagenet_pretrained,hodge_gated_ordinary_fallback,ResNet,0.632,1.0702048908206494,0.023255799327938493,10000,512,512,512,512,2000,11181642,11181642,43.909182833274826,none,False,single_model,85cecbba05b65ee37edf32d9e3426259b4edb7a6b62fea1ade4f70a977857fdd,True,1237f70e2276c249ee5cbc1eedb977fc1043db26,4a63081894c0c7ff36950ae15cb56111d9236da93acf33eb6039ff6a05c6b3e1,python experiments/full_model_hidden_geometry.py,3
CIFAR10_collection_3,3,torchvision_resnet18_imagenet_pretrained,structured_retransport_certified_only,ResNet,0.632,1.0702048908206494,0.023255799327938493,10000,512,512,512,512,2000,11181642,11181642,43.909182833274826,none,False,single_model,85cecbba05b65ee37edf32d9e3426259b4edb7a6b62fea1ade4f70a977857fdd,True,1237f70e2276c249ee5cbc1eedb977fc1043db26,4a63081894c0c7ff36950ae15cb56111d9236da93acf33eb6039ff6a05c6b3e1,python experiments/full_model_hidden_geometry.py,3
CIFAR10_collection_3,3,torchvision_resnet18_imagenet_pretrained,ensemble_reference,Ensemble,0.6355,1.0766949816699416,0.0914096767512893,10000,512,512,512,512,2000,0,44726568,43.909182833274826,none,False,ensemble,85cecbba05b65ee37edf32d9e3426259b4edb7a6b62fea1ade4f70a977857fdd,True,1237f70e2276c249ee5cbc1eedb977fc1043db26,4a63081894c0c7ff36950ae15cb56111d9236da93acf33eb6039ff6a05c6b3e1,python experiments/full_model_hidden_geometry.py,3
CIFAR10_collection_4,4,torchvision_resnet18_imagenet_pretrained,weight_average,ResNet,0.6305,1.1062661518558938,0.08057872908074876,10000,512,512,512,512,2000,11181642,11181642,50.17914974922314,none,False,single_model,b95d74c2a57fc9535fd863aacc737c31f2afafabf996acded3c8f8a0aed87c2b,True,1237f70e2276c249ee5cbc1eedb977fc1043db26,4a63081894c0c7ff36950ae15cb56111d9236da93acf33eb6039ff6a05c6b3e1,python experiments/full_model_hidden_geometry.py,4
CIFAR10_collection_4,4,torchvision_resnet18_imagenet_pretrained,greedy_soup,ResNet,0.6325,1.0986255061299242,0.04471910967377559,10000,512,512,512,512,2000,11181642,11181642,50.17914974922314,none,False,single_model,b95d74c2a57fc9535fd863aacc737c31f2afafabf996acded3c8f8a0aed87c2b,True,1237f70e2276c249ee5cbc1eedb977fc1043db26,4a63081894c0c7ff36950ae15cb56111d9236da93acf33eb6039ff6a05c6b3e1,python experiments/full_model_hidden_geometry.py,4
CIFAR10_collection_4,4,torchvision_resnet18_imagenet_pretrained,git_rebasin_internal_activation_alignment,AlignedFeatures,0.622,1.1163443511695104,0.08182799656764977,10000,512,512,512,512,2000,0,44726568,50.17914974922314,none,False,single_model,b95d74c2a57fc9535fd863aacc737c31f2afafabf996acded3c8f8a0aed87c2b,True,1237f70e2276c249ee5cbc1eedb977fc1043db26,4a63081894c0c7ff36950ae15cb56111d9236da93acf33eb6039ff6a05c6b3e1,python experiments/full_model_hidden_geometry.py,4
CIFAR10_collection_4,4,torchvision_resnet18_imagenet_pretrained,c2m3_internal_activation_alignment,AlignedFeatures,0.622,1.1163443511695104,0.08182799656764977,10000,512,512,512,512,2000,0,44726568,50.17914974922314,none,False,single_model,b95d74c2a57fc9535fd863aacc737c31f2afafabf996acded3c8f8a0aed87c2b,True,1237f70e2276c249ee5cbc1eedb977fc1043db26,4a63081894c0c7ff36950ae15cb56111d9236da93acf33eb6039ff6a05c6b3e1,python experiments/full_model_hidden_geometry.py,4
CIFAR10_collection_4,4,torchvision_resnet18_imagenet_pretrained,regmean_internal_matched_average,ResNet,0.6305,1.1062661518558938,0.08057872908074876,10000,512,512,512,512,2000,11181642,11181642,50.17914974922314,none,False,single_model,b95d74c2a57fc9535fd863aacc737c31f2afafabf996acded3c8f8a0aed87c2b,True,1237f70e2276c249ee5cbc1eedb977fc1043db26,4a63081894c0c7ff36950ae15cb56111d9236da93acf33eb6039ff6a05c6b3e1,python experiments/full_model_hidden_geometry.py,4
CIFAR10_collection_4,4,torchvision_resnet18_imagenet_pretrained,representation_alignment_merge,AlignedFeatures,0.622,1.1163443511695104,0.08182799656764977,10000,512,512,512,512,2000,0,44726568,50.17914974922314,none,False,single_model,b95d74c2a57fc9535fd863aacc737c31f2afafabf996acded3c8f8a0aed87c2b,True,1237f70e2276c249ee5cbc1eedb977fc1043db26,4a63081894c0c7ff36950ae15cb56111d9236da93acf33eb6039ff6a05c6b3e1,python experiments/full_model_hidden_geometry.py,4
CIFAR10_collection_4,4,torchvision_resnet18_imagenet_pretrained,task_arithmetic,ResNet,0.6305,1.1062661518558938,0.08057872908074876,10000,512,512,512,512,2000,11181642,11181642,50.17914974922314,none,False,single_model,b95d74c2a57fc9535fd863aacc737c31f2afafabf996acded3c8f8a0aed87c2b,True,1237f70e2276c249ee5cbc1eedb977fc1043db26,4a63081894c0c7ff36950ae15cb56111d9236da93acf33eb6039ff6a05c6b3e1,python experiments/full_model_hidden_geometry.py,4
CIFAR10_collection_4,4,torchvision_resnet18_imagenet_pretrained,ties,ResNet,0.584,1.2054177275971032,0.06621665857299004,10000,512,512,512,512,2000,11181642,11181642,50.17914974922314,none,False,single_model,b95d74c2a57fc9535fd863aacc737c31f2afafabf996acded3c8f8a0aed87c2b,True,1237f70e2276c249ee5cbc1eedb977fc1043db26,4a63081894c0c7ff36950ae15cb56111d9236da93acf33eb6039ff6a05c6b3e1,python experiments/full_model_hidden_geometry.py,4
CIFAR10_collection_4,4,torchvision_resnet18_imagenet_pretrained,dare,ResNet,0.6105,1.1325264536431645,0.052762297856078576,10000,512,512,512,512,2000,11181642,11181642,50.17914974922314,none,False,single_model,b95d74c2a57fc9535fd863aacc737c31f2afafabf996acded3c8f8a0aed87c2b,True,1237f70e2276c249ee5cbc1eedb977fc1043db26,4a63081894c0c7ff36950ae15cb56111d9236da93acf33eb6039ff6a05c6b3e1,python experiments/full_model_hidden_geometry.py,4
CIFAR10_collection_4,4,torchvision_resnet18_imagenet_pretrained,generic_low_rank_merge,AlignedFeatures,0.622,1.1163443511695104,0.08182799656764977,10000,512,512,512,512,2000,0,44726568,50.17914974922314,none,False,single_model,b95d74c2a57fc9535fd863aacc737c31f2afafabf996acded3c8f8a0aed87c2b,True,1237f70e2276c249ee5cbc1eedb977fc1043db26,4a63081894c0c7ff36950ae15cb56111d9236da93acf33eb6039ff6a05c6b3e1,python experiments/full_model_hidden_geometry.py,4
CIFAR10_collection_4,4,torchvision_resnet18_imagenet_pretrained,generic_router,Router,0.6325,1.060009604153287,0.05233325770658067,10000,512,512,512,512,2000,164,44726732,56.53938129125163,none,False,router,b95d74c2a57fc9535fd863aacc737c31f2afafabf996acded3c8f8a0aed87c2b,True,1237f70e2276c249ee5cbc1eedb977fc1043db26,4a63081894c0c7ff36950ae15cb56111d9236da93acf33eb6039ff6a05c6b3e1,python experiments/full_model_hidden_geometry.py,4
CIFAR10_collection_4,4,torchvision_resnet18_imagenet_pretrained,strict_synchronization,AlignedFeatures,0.622,1.1163443511695104,0.08182799656764977,10000,512,512,512,512,2000,0,44726568,50.17914974922314,none,False,single_model,b95d74c2a57fc9535fd863aacc737c31f2afafabf996acded3c8f8a0aed87c2b,True,1237f70e2276c249ee5cbc1eedb977fc1043db26,4a63081894c0c7ff36950ae15cb56111d9236da93acf33eb6039ff6a05c6b3e1,python experiments/full_model_hidden_geometry.py,4
CIFAR10_collection_4,4,torchvision_resnet18_imagenet_pretrained,hodge_gated_ordinary_fallback,ResNet,0.6325,1.0986255061299242,0.04471910967377559,10000,512,512,512,512,2000,11181642,11181642,50.17914974922314,none,False,single_model,b95d74c2a57fc9535fd863aacc737c31f2afafabf996acded3c8f8a0aed87c2b,True,1237f70e2276c249ee5cbc1eedb977fc1043db26,4a63081894c0c7ff36950ae15cb56111d9236da93acf33eb6039ff6a05c6b3e1,python experiments/full_model_hidden_geometry.py,4
CIFAR10_collection_4,4,torchvision_resnet18_imagenet_pretrained,structured_retransport_certified_only,ResNet,0.6325,1.0986255061299242,0.04471910967377559,10000,512,512,512,512,2000,11181642,11181642,50.17914974922314,none,False,single_model,b95d74c2a57fc9535fd863aacc737c31f2afafabf996acded3c8f8a0aed87c2b,True,1237f70e2276c249ee5cbc1eedb977fc1043db26,4a63081894c0c7ff36950ae15cb56111d9236da93acf33eb6039ff6a05c6b3e1,python experiments/full_model_hidden_geometry.py,4
CIFAR10_collection_4,4,torchvision_resnet18_imagenet_pretrained,ensemble_reference,Ensemble,0.6055,1.123090688805697,0.06450810422252,10000,512,512,512,512,2000,0,44726568,50.17914974922314,none,False,ensemble,b95d74c2a57fc9535fd863aacc737c31f2afafabf996acded3c8f8a0aed87c2b,True,1237f70e2276c249ee5cbc1eedb977fc1043db26,4a63081894c0c7ff36950ae15cb56111d9236da93acf33eb6039ff6a05c6b3e1,python experiments/full_model_hidden_geometry.py,4
